Workbook

Sheet 区域运费DHL
A1: 国家地区 | B1: 代码 | C1: 0.5 | D1: 1 | E1: 1.5 | F1: 2 | G1: 2.5 | H1: 3 | I1: 3.5 | J1: 4 | K1: 4.5 | L1: 5 | M1: 5.5 | N1: 6 | O1: 6.5 | P1: 7 | Q1: 7.5 | R1: 8 | S1: 8.5 | T1: 9 | U1: 9.5 | V1: 10 | W1: 10.5 | X1: 11 | Y1: 11.5 | Z1: 12 | AA1: 12.5 | AB1: 13 | AC1: 13.5 | AD1: 14 | AE1: 14.5 | AF1: 15 | AG1: 15.5 | AH1: 16 | AI1: 16.5 | AJ1: 17 | AK1: 17.5 | AL1: 18 | AM1: 18.5 | AN1: 19 | AO1: 19.5 | AP1: 20 | AQ1: 20.5 | AR1: 21 | AS1: 21.5 | AT1: 22 | AU1: 22.5 | AV1: 23 | AW1: 23.5 | AX1: 24 | AY1: 24.5 | AZ1: 25 | BA1: 25.5 | BB1: 26 | BC1: 26.5 | BD1: 27 | BE1: 27.5 | BF1: 28 | BG1: 28.5 | BH1: 29 | BI1: 29.5 | BJ1: 30
A2: 中国香港特别行政区 | B2: 1 | C2: =广诚DHL运费!C3 -> 97.50 | D2: =广诚DHL运费!C4 -> 118.50 | E2: =广诚DHL运费!C5 -> 139.50 | F2: =广诚DHL运费!C6 -> 160.50 | G2: =广诚DHL运费!C7 -> 181.50 | H2: =广诚DHL运费!C8 -> 201.90 | I2: =广诚DHL运费!C9 -> 222.30 | J2: =广诚DHL运费!C10 -> 242.70 | K2: =广诚DHL运费!C11 -> 263.10 | L2: =广诚DHL运费!C12 -> 283.50 | M2: =广诚DHL运费!C13 -> 302.70 | N2: =广诚DHL运费!C14 -> 321.90 | O2: =广诚DHL运费!C15 -> 341.10 | P2: =广诚DHL运费!C16 -> 360.30 | Q2: =广诚DHL运费!C17 -> 379.50 | R2: =广诚DHL运费!C18 -> 398.70 | S2: =广诚DHL运费!C19 -> 417.90 | T2: =广诚DHL运费!C20 -> 437.10 | U2: =广诚DHL运费!C21 -> 456.30 | V2: =广诚DHL运费!C22 -> 475.50 | W2: =广诚DHL运费!C23 -> 491.10 | X2: =广诚DHL运费!C24 -> 506.70 | Y2: =广诚DHL运费!C25 -> 522.30 | Z2: =广诚DHL运费!C26 -> 537.90 | AA2: =广诚DHL运费!C27 -> 553.50 | AB2: =广诚DHL运费!C28 -> 569.10 | AC2: =广诚DHL运费!C29 -> 584.70 | AD2: =广诚DHL运费!C30 -> 600.30 | AE2: =广诚DHL运费!C31 -> 615.90 | AF2: =广诚DHL运费!C32 -> 631.50 | AG2: =广诚DHL运费!C33 -> 647.10 | AH2: =广诚DHL运费!C34 -> 662.70 | AI2: =广诚DHL运费!C35 -> 678.30 | AJ2: =广诚DHL运费!C36 -> 693.90 | AK2: =广诚DHL运费!C37 -> 709.50 | AL2: =广诚DHL运费!C38 -> 725.10 | AM2: =广诚DHL运费!C39 -> 740.70 | AN2: =广诚DHL运费!C40 -> 756.30 | AO2: =广诚DHL运费!C41 -> 771.90 | AP2: =广诚DHL运费!C42 -> 787.50 | AQ2: 331.37 | AR2: 336.05 | AS2: 340.73 | AT2: 345.41 | AU2: 350.09 | AV2: 354.77 | AW2: 359.45 | AX2: 364.13 | AY2: 368.81 | AZ2: 373.49 | BA2: 378.17 | BB2: 382.85 | BC2: 387.53 | BD2: 392.21 | BE2: 396.89 | BF2: 401.57 | BG2: 406.25 | BH2: 410.93 | BI2: 415.61 | BJ2: 420.29
A3: 中国澳门特别行政区 | B3: 1 | C3: =广诚DHL运费!C3 -> 97.50 | D3: =广诚DHL运费!C4 -> 118.50 | E3: =广诚DHL运费!C5 -> 139.50 | F3: =广诚DHL运费!C6 -> 160.50 | G3: =广诚DHL运费!C7 -> 181.50 | H3: =广诚DHL运费!C8 -> 201.90 | I3: =广诚DHL运费!C9 -> 222.30 | J3: =广诚DHL运费!C10 -> 242.70 | K3: =广诚DHL运费!C11 -> 263.10 | L3: =广诚DHL运费!C12 -> 283.50 | M3: =广诚DHL运费!C13 -> 302.70 | N3: =广诚DHL运费!C14 -> 321.90 | O3: =广诚DHL运费!C15 -> 341.10 | P3: =广诚DHL运费!C16 -> 360.30 | Q3: =广诚DHL运费!C17 -> 379.50 | R3: =广诚DHL运费!C18 -> 398.70 | S3: =广诚DHL运费!C19 -> 417.90 | T3: =广诚DHL运费!C20 -> 437.10 | U3: =广诚DHL运费!C21 -> 456.30 | V3: =广诚DHL运费!C22 -> 475.50 | W3: =广诚DHL运费!C23 -> 491.10 | X3: =广诚DHL运费!C24 -> 506.70 | Y3: =广诚DHL运费!C25 -> 522.30 | Z3: =广诚DHL运费!C26 -> 537.90 | AA3: =广诚DHL运费!C27 -> 553.50 | AB3: =广诚DHL运费!C28 -> 569.10 | AC3: =广诚DHL运费!C29 -> 584.70 | AD3: =广诚DHL运费!C30 -> 600.30 | AE3: =广诚DHL运费!C31 -> 615.90 | AF3: =广诚DHL运费!C32 -> 631.50 | AG3: =广诚DHL运费!C33 -> 647.10 | AH3: =广诚DHL运费!C34 -> 662.70 | AI3: =广诚DHL运费!C35 -> 678.30 | AJ3: =广诚DHL运费!C36 -> 693.90 | AK3: =广诚DHL运费!C37 -> 709.50 | AL3: =广诚DHL运费!C38 -> 725.10 | AM3: =广诚DHL运费!C39 -> 740.70 | AN3: =广诚DHL运费!C40 -> 756.30 | AO3: =广诚DHL运费!C41 -> 771.90 | AP3: =广诚DHL运费!C42 -> 787.50 | AQ3: 331.37 | AR3: 336.05 | AS3: 340.73 | AT3: 345.41 | AU3: 350.09 | AV3: 354.77 | AW3: 359.45 | AX3: 364.13 | AY3: 368.81 | AZ3: 373.49 | BA3: 378.17 | BB3: 382.85 | BC3: 387.53 | BD3: 392.21 | BE3: 396.89 | BF3: 401.57 | BG3: 406.25 | BH3: 410.93 | BI3: 415.61 | BJ3: 420.29
A4: 韩国 | B4: 2 | C4: =广诚DHL运费!D3 -> 132.00 | D4: =广诚DHL运费!D4 -> 162.30 | E4: =广诚DHL运费!D5 -> 192.60 | F4: =广诚DHL运费!D6 -> 222.90 | G4: =广诚DHL运费!D7 -> 253.20 | H4: =广诚DHL运费!D8 -> 283.20 | I4: =广诚DHL运费!D9 -> 313.20 | J4: =广诚DHL运费!D10 -> 343.20 | K4: =广诚DHL运费!D11 -> 373.20 | L4: =广诚DHL运费!D12 -> 403.20 | M4: =广诚DHL运费!D13 -> 431.70 | N4: =广诚DHL运费!D14 -> 460.20 | O4: =广诚DHL运费!D15 -> 488.70 | P4: =广诚DHL运费!D16 -> 517.20 | Q4: =广诚DHL运费!D17 -> 545.70 | R4: =广诚DHL运费!D18 -> 574.20 | S4: =广诚DHL运费!D19 -> 602.70 | T4: =广诚DHL运费!D20 -> 631.20 | U4: =广诚DHL运费!D21 -> 659.70 | V4: =广诚DHL运费!D22 -> 688.20 | W4: =广诚DHL运费!D23 -> 712.80 | X4: =广诚DHL运费!D24 -> 737.40 | Y4: =广诚DHL运费!D25 -> 762.00 | Z4: =广诚DHL运费!D26 -> 786.60 | AA4: =广诚DHL运费!D27 -> 811.20 | AB4: =广诚DHL运费!D28 -> 835.80 | AC4: =广诚DHL运费!D29 -> 860.40 | AD4: =广诚DHL运费!D30 -> 885.00 | AE4: =广诚DHL运费!D31 -> 909.60 | AF4: =广诚DHL运费!D32 -> 934.20 | AG4: =广诚DHL运费!D33 -> 958.80 | AH4: =广诚DHL运费!D34 -> 983.40 | AI4: =广诚DHL运费!D35 -> 1,008.00 | AJ4: =广诚DHL运费!D36 -> 1,032.60 | AK4: =广诚DHL运费!D37 -> 1,057.20 | AL4: =广诚DHL运费!D38 -> 1,081.80 | AM4: =广诚DHL运费!D39 -> 1,106.40 | AN4: =广诚DHL运费!D40 -> 1,131.00 | AO4: =广诚DHL运费!D41 -> 1,155.60 | AP4: =广诚DHL运费!D42 -> 1,180.20 | AQ4: 423.83 | AR4: 433.73 | AS4: 443.63 | AT4: 453.53 | AU4: 463.43 | AV4: 473.33 | AW4: 483.23 | AX4: 493.13 | AY4: 503.03 | AZ4: 512.93 | BA4: 522.83 | BB4: 532.73 | BC4: 542.63 | BD4: 552.53 | BE4: 562.43 | BF4: 572.33 | BG4: 582.23 | BH4: 592.13 | BI4: 602.03 | BJ4: 611.93
A5: 中国台湾地区 | B5: 2 | C5: =广诚DHL运费!D3 -> 132.00 | D5: =广诚DHL运费!D4 -> 162.30 | E5: =广诚DHL运费!D5 -> 192.60 | F5: =广诚DHL运费!D6 -> 222.90 | G5: =广诚DHL运费!D7 -> 253.20 | H5: =广诚DHL运费!D8 -> 283.20 | I5: =广诚DHL运费!D9 -> 313.20 | J5: =广诚DHL运费!D10 -> 343.20 | K5: =广诚DHL运费!D11 -> 373.20 | L5: =广诚DHL运费!D12 -> 403.20 | M5: =广诚DHL运费!D13 -> 431.70 | N5: =广诚DHL运费!D14 -> 460.20 | O5: =广诚DHL运费!D15 -> 488.70 | P5: =广诚DHL运费!D16 -> 517.20 | Q5: =广诚DHL运费!D17 -> 545.70 | R5: =广诚DHL运费!D18 -> 574.20 | S5: =广诚DHL运费!D19 -> 602.70 | T5: =广诚DHL运费!D20 -> 631.20 | U5: =广诚DHL运费!D21 -> 659.70 | V5: =广诚DHL运费!D22 -> 688.20 | W5: =广诚DHL运费!D23 -> 712.80 | X5: =广诚DHL运费!D24 -> 737.40 | Y5: =广诚DHL运费!D25 -> 762.00 | Z5: =广诚DHL运费!D26 -> 786.60 | AA5: =广诚DHL运费!D27 -> 811.20 | AB5: =广诚DHL运费!D28 -> 835.80 | AC5: =广诚DHL运费!D29 -> 860.40 | AD5: =广诚DHL运费!D30 -> 885.00 | AE5: =广诚DHL运费!D31 -> 909.60 | AF5: =广诚DHL运费!D32 -> 934.20 | AG5: =广诚DHL运费!D33 -> 958.80 | AH5: =广诚DHL运费!D34 -> 983.40 | AI5: =广诚DHL运费!D35 -> 1,008.00 | AJ5: =广诚DHL运费!D36 -> 1,032.60 | AK5: =广诚DHL运费!D37 -> 1,057.20 | AL5: =广诚DHL运费!D38 -> 1,081.80 | AM5: =广诚DHL运费!D39 -> 1,106.40 | AN5: =广诚DHL运费!D40 -> 1,131.00 | AO5: =广诚DHL运费!D41 -> 1,155.60 | AP5: =广诚DHL运费!D42 -> 1,180.20 | AQ5: 423.83 | AR5: 433.73 | AS5: 443.63 | AT5: 453.53 | AU5: 463.43 | AV5: 473.33 | AW5: 483.23 | AX5: 493.13 | AY5: 503.03 | AZ5: 512.93 | BA5: 522.83 | BB5: 532.73 | BC5: 542.63 | BD5: 552.53 | BE5: 562.43 | BF5: 572.33 | BG5: 582.23 | BH5: 592.13 | BI5: 602.03 | BJ5: 611.93
A6: 日本 | B6: 3 | C6: =广诚DHL运费!E3 -> 123.30 | D6: =广诚DHL运费!E4 -> 156.00 | E6: =广诚DHL运费!E5 -> 188.70 | F6: =广诚DHL运费!E6 -> 221.40 | G6: =广诚DHL运费!E7 -> 254.10 | H6: =广诚DHL运费!E8 -> 284.10 | I6: =广诚DHL运费!E9 -> 314.10 | J6: =广诚DHL运费!E10 -> 344.10 | K6: =广诚DHL运费!E11 -> 374.10 | L6: =广诚DHL运费!E12 -> 404.10 | M6: =广诚DHL运费!E13 -> 433.50 | N6: =广诚DHL运费!E14 -> 462.90 | O6: =广诚DHL运费!E15 -> 492.30 | P6: =广诚DHL运费!E16 -> 521.70 | Q6: =广诚DHL运费!E17 -> 551.10 | R6: =广诚DHL运费!E18 -> 580.50 | S6: =广诚DHL运费!E19 -> 609.90 | T6: =广诚DHL运费!E20 -> 639.30 | U6: =广诚DHL运费!E21 -> 668.70 | V6: =广诚DHL运费!E22 -> 698.10 | W6: =广诚DHL运费!E23 -> 725.70 | X6: =广诚DHL运费!E24 -> 753.30 | Y6: =广诚DHL运费!E25 -> 780.90 | Z6: =广诚DHL运费!E26 -> 808.50 | AA6: =广诚DHL运费!E27 -> 836.10 | AB6: =广诚DHL运费!E28 -> 863.70 | AC6: =广诚DHL运费!E29 -> 891.30 | AD6: =广诚DHL运费!E30 -> 918.90 | AE6: =广诚DHL运费!E31 -> 946.50 | AF6: =广诚DHL运费!E32 -> 974.10 | AG6: =广诚DHL运费!E33 -> 1,001.70 | AH6: =广诚DHL运费!E34 -> 1,029.30 | AI6: =广诚DHL运费!E35 -> 1,056.90 | AJ6: =广诚DHL运费!E36 -> 1,084.50 | AK6: =广诚DHL运费!E37 -> 1,112.10 | AL6: =广诚DHL运费!E38 -> 1,139.70 | AM6: =广诚DHL运费!E39 -> 1,167.30 | AN6: =广诚DHL运费!E40 -> 1,194.90 | AO6: =广诚DHL运费!E41 -> 1,222.50 | AP6: =广诚DHL运费!E42 -> 1,250.10 | AQ6: 486.6 | AR6: 496.44 | AS6: 506.28 | AT6: 516.12 | AU6: 525.96 | AV6: 535.8 | AW6: 545.64 | AX6: 555.48 | AY6: 565.32 | AZ6: 575.16 | BA6: 585 | BB6: 594.84 | BC6: 604.68 | BD6: 614.52 | BE6: 624.36 | BF6: 634.2 | BG6: 644.04 | BH6: 653.88 | BI6: 663.72 | BJ6: 673.56
A7: 文莱 | B7: 4 | C7: =广诚DHL运费!F3 -> 146.40 | D7: =广诚DHL运费!F4 -> 178.50 | E7: =广诚DHL运费!F5 -> 210.60 | F7: =广诚DHL运费!F6 -> 242.70 | G7: =广诚DHL运费!F7 -> 275.40 | H7: =广诚DHL运费!F8 -> 306.60 | I7: =广诚DHL运费!F9 -> 337.80 | J7: =广诚DHL运费!F10 -> 369.00 | K7: =广诚DHL运费!F11 -> 400.20 | L7: =广诚DHL运费!F12 -> 431.40 | M7: =广诚DHL运费!F13 -> 462.30 | N7: =广诚DHL运费!F14 -> 493.20 | O7: =广诚DHL运费!F15 -> 524.10 | P7: =广诚DHL运费!F16 -> 555.00 | Q7: =广诚DHL运费!F17 -> 585.90 | R7: =广诚DHL运费!F18 -> 616.80 | S7: =广诚DHL运费!F19 -> 647.70 | T7: =广诚DHL运费!F20 -> 678.60 | U7: =广诚DHL运费!F21 -> 709.50 | V7: =广诚DHL运费!F22 -> 740.40 | W7: =广诚DHL运费!F23 -> 771.00 | X7: =广诚DHL运费!F24 -> 801.60 | Y7: =广诚DHL运费!F25 -> 832.20 | Z7: =广诚DHL运费!F26 -> 862.80 | AA7: =广诚DHL运费!F27 -> 893.40 | AB7: =广诚DHL运费!F28 -> 924.00 | AC7: =广诚DHL运费!F29 -> 954.60 | AD7: =广诚DHL运费!F30 -> 985.20 | AE7: =广诚DHL运费!F31 -> 1,015.80 | AF7: =广诚DHL运费!F32 -> 1,046.40 | AG7: =广诚DHL运费!F33 -> 1,077.00 | AH7: =广诚DHL运费!F34 -> 1,107.60 | AI7: =广诚DHL运费!F35 -> 1,138.20 | AJ7: =广诚DHL运费!F36 -> 1,168.80 | AK7: =广诚DHL运费!F37 -> 1,199.40 | AL7: =广诚DHL运费!F38 -> 1,230.00 | AM7: =广诚DHL运费!F39 -> 1,260.60 | AN7: =广诚DHL运费!F40 -> 1,291.20 | AO7: =广诚DHL运费!F41 -> 1,321.80 | AP7: =广诚DHL运费!F42 -> 1,352.40 | AQ7: 569.01 | AR7: 580.32 | AS7: 591.63 | AT7: 602.94 | AU7: 614.25 | AV7: 625.56 | AW7: 636.87 | AX7: 648.18 | AY7: 659.49 | AZ7: 670.8 | BA7: 682.11 | BB7: 693.42 | BC7: 704.73 | BD7: 716.04 | BE7: 727.35 | BF7: 738.66 | BG7: 749.97 | BH7: 761.28 | BI7: 772.59 | BJ7: 783.9
A8: 印度尼西亚 | B8: 4 | C8: =广诚DHL运费!F3 -> 146.40 | D8: =广诚DHL运费!F4 -> 178.50 | E8: =广诚DHL运费!F5 -> 210.60 | F8: =广诚DHL运费!F6 -> 242.70 | G8: =广诚DHL运费!F7 -> 275.40 | H8: =广诚DHL运费!F8 -> 306.60 | I8: =广诚DHL运费!F9 -> 337.80 | J8: =广诚DHL运费!F10 -> 369.00 | K8: =广诚DHL运费!F11 -> 400.20 | L8: =广诚DHL运费!F12 -> 431.40 | M8: =广诚DHL运费!F13 -> 462.30 | N8: =广诚DHL运费!F14 -> 493.20 | O8: =广诚DHL运费!F15 -> 524.10 | P8: =广诚DHL运费!F16 -> 555.00 | Q8: =广诚DHL运费!F17 -> 585.90 | R8: =广诚DHL运费!F18 -> 616.80 | S8: =广诚DHL运费!F19 -> 647.70 | T8: =广诚DHL运费!F20 -> 678.60 | U8: =广诚DHL运费!F21 -> 709.50 | V8: =广诚DHL运费!F22 -> 740.40 | W8: =广诚DHL运费!F23 -> 771.00 | X8: =广诚DHL运费!F24 -> 801.60 | Y8: =广诚DHL运费!F25 -> 832.20 | Z8: =广诚DHL运费!F26 -> 862.80 | AA8: =广诚DHL运费!F27 -> 893.40 | AB8: =广诚DHL运费!F28 -> 924.00 | AC8: =广诚DHL运费!F29 -> 954.60 | AD8: =广诚DHL运费!F30 -> 985.20 | AE8: =广诚DHL运费!F31 -> 1,015.80 | AF8: =广诚DHL运费!F32 -> 1,046.40 | AG8: =广诚DHL运费!F33 -> 1,077.00 | AH8: =广诚DHL运费!F34 -> 1,107.60 | AI8: =广诚DHL运费!F35 -> 1,138.20 | AJ8: =广诚DHL运费!F36 -> 1,168.80 | AK8: =广诚DHL运费!F37 -> 1,199.40 | AL8: =广诚DHL运费!F38 -> 1,230.00 | AM8: =广诚DHL运费!F39 -> 1,260.60 | AN8: =广诚DHL运费!F40 -> 1,291.20 | AO8: =广诚DHL运费!F41 -> 1,321.80 | AP8: =广诚DHL运费!F42 -> 1,352.40 | AQ8: 569.01 | AR8: 580.32 | AS8: 591.63 | AT8: 602.94 | AU8: 614.25 | AV8: 625.56 | AW8: 636.87 | AX8: 648.18 | AY8: 659.49 | AZ8: 670.8 | BA8: 682.11 | BB8: 693.42 | BC8: 704.73 | BD8: 716.04 | BE8: 727.35 | BF8: 738.66 | BG8: 749.97 | BH8: 761.28 | BI8: 772.59 | BJ8: 783.9
A9: 柬埔寨 | B9: 4 | C9: =广诚DHL运费!F3 -> 146.40 | D9: =广诚DHL运费!F4 -> 178.50 | E9: =广诚DHL运费!F5 -> 210.60 | F9: =广诚DHL运费!F6 -> 242.70 | G9: =广诚DHL运费!F7 -> 275.40 | H9: =广诚DHL运费!F8 -> 306.60 | I9: =广诚DHL运费!F9 -> 337.80 | J9: =广诚DHL运费!F10 -> 369.00 | K9: =广诚DHL运费!F11 -> 400.20 | L9: =广诚DHL运费!F12 -> 431.40 | M9: =广诚DHL运费!F13 -> 462.30 | N9: =广诚DHL运费!F14 -> 493.20 | O9: =广诚DHL运费!F15 -> 524.10 | P9: =广诚DHL运费!F16 -> 555.00 | Q9: =广诚DHL运费!F17 -> 585.90 | R9: =广诚DHL运费!F18 -> 616.80 | S9: =广诚DHL运费!F19 -> 647.70 | T9: =广诚DHL运费!F20 -> 678.60 | U9: =广诚DHL运费!F21 -> 709.50 | V9: =广诚DHL运费!F22 -> 740.40 | W9: =广诚DHL运费!F23 -> 771.00 | X9: =广诚DHL运费!F24 -> 801.60 | Y9: =广诚DHL运费!F25 -> 832.20 | Z9: =广诚DHL运费!F26 -> 862.80 | AA9: =广诚DHL运费!F27 -> 893.40 | AB9: =广诚DHL运费!F28 -> 924.00 | AC9: =广诚DHL运费!F29 -> 954.60 | AD9: =广诚DHL运费!F30 -> 985.20 | AE9: =广诚DHL运费!F31 -> 1,015.80 | AF9: =广诚DHL运费!F32 -> 1,046.40 | AG9: =广诚DHL运费!F33 -> 1,077.00 | AH9: =广诚DHL运费!F34 -> 1,107.60 | AI9: =广诚DHL运费!F35 -> 1,138.20 | AJ9: =广诚DHL运费!F36 -> 1,168.80 | AK9: =广诚DHL运费!F37 -> 1,199.40 | AL9: =广诚DHL运费!F38 -> 1,230.00 | AM9: =广诚DHL运费!F39 -> 1,260.60 | AN9: =广诚DHL运费!F40 -> 1,291.20 | AO9: =广诚DHL运费!F41 -> 1,321.80 | AP9: =广诚DHL运费!F42 -> 1,352.40 | AQ9: 569.01 | AR9: 580.32 | AS9: 591.63 | AT9: 602.94 | AU9: 614.25 | AV9: 625.56 | AW9: 636.87 | AX9: 648.18 | AY9: 659.49 | AZ9: 670.8 | BA9: 682.11 | BB9: 693.42 | BC9: 704.73 | BD9: 716.04 | BE9: 727.35 | BF9: 738.66 | BG9: 749.97 | BH9: 761.28 | BI9: 772.59 | BJ9: 783.9
A10: 老挝 | B10: 4 | C10: =广诚DHL运费!F3 -> 146.40 | D10: =广诚DHL运费!F4 -> 178.50 | E10: =广诚DHL运费!F5 -> 210.60 | F10: =广诚DHL运费!F6 -> 242.70 | G10: =广诚DHL运费!F7 -> 275.40 | H10: =广诚DHL运费!F8 -> 306.60 | I10: =广诚DHL运费!F9 -> 337.80 | J10: =广诚DHL运费!F10 -> 369.00 | K10: =广诚DHL运费!F11 -> 400.20 | L10: =广诚DHL运费!F12 -> 431.40 | M10: =广诚DHL运费!F13 -> 462.30 | N10: =广诚DHL运费!F14 -> 493.20 | O10: =广诚DHL运费!F15 -> 524.10 | P10: =广诚DHL运费!F16 -> 555.00 | Q10: =广诚DHL运费!F17 -> 585.90 | R10: =广诚DHL运费!F18 -> 616.80 | S10: =广诚DHL运费!F19 -> 647.70 | T10: =广诚DHL运费!F20 -> 678.60 | U10: =广诚DHL运费!F21 -> 709.50 | V10: =广诚DHL运费!F22 -> 740.40 | W10: =广诚DHL运费!F23 -> 771.00 | X10: =广诚DHL运费!F24 -> 801.60 | Y10: =广诚DHL运费!F25 -> 832.20 | Z10: =广诚DHL运费!F26 -> 862.80 | AA10: =广诚DHL运费!F27 -> 893.40 | AB10: =广诚DHL运费!F28 -> 924.00 | AC10: =广诚DHL运费!F29 -> 954.60 | AD10: =广诚DHL运费!F30 -> 985.20 | AE10: =广诚DHL运费!F31 -> 1,015.80 | AF10: =广诚DHL运费!F32 -> 1,046.40 | AG10: =广诚DHL运费!F33 -> 1,077.00 | AH10: =广诚DHL运费!F34 -> 1,107.60 | AI10: =广诚DHL运费!F35 -> 1,138.20 | AJ10: =广诚DHL运费!F36 -> 1,168.80 | AK10: =广诚DHL运费!F37 -> 1,199.40 | AL10: =广诚DHL运费!F38 -> 1,230.00 | AM10: =广诚DHL运费!F39 -> 1,260.60 | AN10: =广诚DHL运费!F40 -> 1,291.20 | AO10: =广诚DHL运费!F41 -> 1,321.80 | AP10: =广诚DHL运费!F42 -> 1,352.40 | AQ10: 569.01 | AR10: 580.32 | AS10: 591.63 | AT10: 602.94 | AU10: 614.25 | AV10: 625.56 | AW10: 636.87 | AX10: 648.18 | AY10: 659.49 | AZ10: 670.8 | BA10: 682.11 | BB10: 693.42 | BC10: 704.73 | BD10: 716.04 | BE10: 727.35 | BF10: 738.66 | BG10: 749.97 | BH10: 761.28 | BI10: 772.59 | BJ10: 783.9
A11: 马来西亚 | B11: 4 | C11: =广诚DHL运费!F3 -> 146.40 | D11: =广诚DHL运费!F4 -> 178.50 | E11: =广诚DHL运费!F5 -> 210.60 | F11: =广诚DHL运费!F6 -> 242.70 | G11: =广诚DHL运费!F7 -> 275.40 | H11: =广诚DHL运费!F8 -> 306.60 | I11: =广诚DHL运费!F9 -> 337.80 | J11: =广诚DHL运费!F10 -> 369.00 | K11: =广诚DHL运费!F11 -> 400.20 | L11: =广诚DHL运费!F12 -> 431.40 | M11: =广诚DHL运费!F13 -> 462.30 | N11: =广诚DHL运费!F14 -> 493.20 | O11: =广诚DHL运费!F15 -> 524.10 | P11: =广诚DHL运费!F16 -> 555.00 | Q11: =广诚DHL运费!F17 -> 585.90 | R11: =广诚DHL运费!F18 -> 616.80 | S11: =广诚DHL运费!F19 -> 647.70 | T11: =广诚DHL运费!F20 -> 678.60 | U11: =广诚DHL运费!F21 -> 709.50 | V11: =广诚DHL运费!F22 -> 740.40 | W11: =广诚DHL运费!F23 -> 771.00 | X11: =广诚DHL运费!F24 -> 801.60 | Y11: =广诚DHL运费!F25 -> 832.20 | Z11: =广诚DHL运费!F26 -> 862.80 | AA11: =广诚DHL运费!F27 -> 893.40 | AB11: =广诚DHL运费!F28 -> 924.00 | AC11: =广诚DHL运费!F29 -> 954.60 | AD11: =广诚DHL运费!F30 -> 985.20 | AE11: =广诚DHL运费!F31 -> 1,015.80 | AF11: =广诚DHL运费!F32 -> 1,046.40 | AG11: =广诚DHL运费!F33 -> 1,077.00 | AH11: =广诚DHL运费!F34 -> 1,107.60 | AI11: =广诚DHL运费!F35 -> 1,138.20 | AJ11: =广诚DHL运费!F36 -> 1,168.80 | AK11: =广诚DHL运费!F37 -> 1,199.40 | AL11: =广诚DHL运费!F38 -> 1,230.00 | AM11: =广诚DHL运费!F39 -> 1,260.60 | AN11: =广诚DHL运费!F40 -> 1,291.20 | AO11: =广诚DHL运费!F41 -> 1,321.80 | AP11: =广诚DHL运费!F42 -> 1,352.40 | AQ11: 569.01 | AR11: 580.32 | AS11: 591.63 | AT11: 602.94 | AU11: 614.25 | AV11: 625.56 | AW11: 636.87 | AX11: 648.18 | AY11: 659.49 | AZ11: 670.8 | BA11: 682.11 | BB11: 693.42 | BC11: 704.73 | BD11: 716.04 | BE11: 727.35 | BF11: 738.66 | BG11: 749.97 | BH11: 761.28 | BI11: 772.59 | BJ11: 783.9
A12: 菲律宾 | B12: 4 | C12: =广诚DHL运费!F3 -> 146.40 | D12: =广诚DHL运费!F4 -> 178.50 | E12: =广诚DHL运费!F5 -> 210.60 | F12: =广诚DHL运费!F6 -> 242.70 | G12: =广诚DHL运费!F7 -> 275.40 | H12: =广诚DHL运费!F8 -> 306.60 | I12: =广诚DHL运费!F9 -> 337.80 | J12: =广诚DHL运费!F10 -> 369.00 | K12: =广诚DHL运费!F11 -> 400.20 | L12: =广诚DHL运费!F12 -> 431.40 | M12: =广诚DHL运费!F13 -> 462.30 | N12: =广诚DHL运费!F14 -> 493.20 | O12: =广诚DHL运费!F15 -> 524.10 | P12: =广诚DHL运费!F16 -> 555.00 | Q12: =广诚DHL运费!F17 -> 585.90 | R12: =广诚DHL运费!F18 -> 616.80 | S12: =广诚DHL运费!F19 -> 647.70 | T12: =广诚DHL运费!F20 -> 678.60 | U12: =广诚DHL运费!F21 -> 709.50 | V12: =广诚DHL运费!F22 -> 740.40 | W12: =广诚DHL运费!F23 -> 771.00 | X12: =广诚DHL运费!F24 -> 801.60 | Y12: =广诚DHL运费!F25 -> 832.20 | Z12: =广诚DHL运费!F26 -> 862.80 | AA12: =广诚DHL运费!F27 -> 893.40 | AB12: =广诚DHL运费!F28 -> 924.00 | AC12: =广诚DHL运费!F29 -> 954.60 | AD12: =广诚DHL运费!F30 -> 985.20 | AE12: =广诚DHL运费!F31 -> 1,015.80 | AF12: =广诚DHL运费!F32 -> 1,046.40 | AG12: =广诚DHL运费!F33 -> 1,077.00 | AH12: =广诚DHL运费!F34 -> 1,107.60 | AI12: =广诚DHL运费!F35 -> 1,138.20 | AJ12: =广诚DHL运费!F36 -> 1,168.80 | AK12: =广诚DHL运费!F37 -> 1,199.40 | AL12: =广诚DHL运费!F38 -> 1,230.00 | AM12: =广诚DHL运费!F39 -> 1,260.60 | AN12: =广诚DHL运费!F40 -> 1,291.20 | AO12: =广诚DHL运费!F41 -> 1,321.80 | AP12: =广诚DHL运费!F42 -> 1,352.40 | AQ12: 569.01 | AR12: 580.32 | AS12: 591.63 | AT12: 602.94 | AU12: 614.25 | AV12: 625.56 | AW12: 636.87 | AX12: 648.18 | AY12: 659.49 | AZ12: 670.8 | BA12: 682.11 | BB12: 693.42 | BC12: 704.73 | BD12: 716.04 | BE12: 727.35 | BF12: 738.66 | BG12: 749.97 | BH12: 761.28 | BI12: 772.59 | BJ12: 783.9
A13: 新加坡 | B13: 4 | C13: =广诚DHL运费!F3 -> 146.40 | D13: =广诚DHL运费!F4 -> 178.50 | E13: =广诚DHL运费!F5 -> 210.60 | F13: =广诚DHL运费!F6 -> 242.70 | G13: =广诚DHL运费!F7 -> 275.40 | H13: =广诚DHL运费!F8 -> 306.60 | I13: =广诚DHL运费!F9 -> 337.80 | J13: =广诚DHL运费!F10 -> 369.00 | K13: =广诚DHL运费!F11 -> 400.20 | L13: =广诚DHL运费!F12 -> 431.40 | M13: =广诚DHL运费!F13 -> 462.30 | N13: =广诚DHL运费!F14 -> 493.20 | O13: =广诚DHL运费!F15 -> 524.10 | P13: =广诚DHL运费!F16 -> 555.00 | Q13: =广诚DHL运费!F17 -> 585.90 | R13: =广诚DHL运费!F18 -> 616.80 | S13: =广诚DHL运费!F19 -> 647.70 | T13: =广诚DHL运费!F20 -> 678.60 | U13: =广诚DHL运费!F21 -> 709.50 | V13: =广诚DHL运费!F22 -> 740.40 | W13: =广诚DHL运费!F23 -> 771.00 | X13: =广诚DHL运费!F24 -> 801.60 | Y13: =广诚DHL运费!F25 -> 832.20 | Z13: =广诚DHL运费!F26 -> 862.80 | AA13: =广诚DHL运费!F27 -> 893.40 | AB13: =广诚DHL运费!F28 -> 924.00 | AC13: =广诚DHL运费!F29 -> 954.60 | AD13: =广诚DHL运费!F30 -> 985.20 | AE13: =广诚DHL运费!F31 -> 1,015.80 | AF13: =广诚DHL运费!F32 -> 1,046.40 | AG13: =广诚DHL运费!F33 -> 1,077.00 | AH13: =广诚DHL运费!F34 -> 1,107.60 | AI13: =广诚DHL运费!F35 -> 1,138.20 | AJ13: =广诚DHL运费!F36 -> 1,168.80 | AK13: =广诚DHL运费!F37 -> 1,199.40 | AL13: =广诚DHL运费!F38 -> 1,230.00 | AM13: =广诚DHL运费!F39 -> 1,260.60 | AN13: =广诚DHL运费!F40 -> 1,291.20 | AO13: =广诚DHL运费!F41 -> 1,321.80 | AP13: =广诚DHL运费!F42 -> 1,352.40 | AQ13: 569.01 | AR13: 580.32 | AS13: 591.63 | AT13: 602.94 | AU13: 614.25 | AV13: 625.56 | AW13: 636.87 | AX13: 648.18 | AY13: 659.49 | AZ13: 670.8 | BA13: 682.11 | BB13: 693.42 | BC13: 704.73 | BD13: 716.04 | BE13: 727.35 | BF13: 738.66 | BG13: 749.97 | BH13: 761.28 | BI13: 772.59 | BJ13: 783.9
A14: 泰国 | B14: 4 | C14: =广诚DHL运费!F3 -> 146.40 | D14: =广诚DHL运费!F4 -> 178.50 | E14: =广诚DHL运费!F5 -> 210.60 | F14: =广诚DHL运费!F6 -> 242.70 | G14: =广诚DHL运费!F7 -> 275.40 | H14: =广诚DHL运费!F8 -> 306.60 | I14: =广诚DHL运费!F9 -> 337.80 | J14: =广诚DHL运费!F10 -> 369.00 | K14: =广诚DHL运费!F11 -> 400.20 | L14: =广诚DHL运费!F12 -> 431.40 | M14: =广诚DHL运费!F13 -> 462.30 | N14: =广诚DHL运费!F14 -> 493.20 | O14: =广诚DHL运费!F15 -> 524.10 | P14: =广诚DHL运费!F16 -> 555.00 | Q14: =广诚DHL运费!F17 -> 585.90 | R14: =广诚DHL运费!F18 -> 616.80 | S14: =广诚DHL运费!F19 -> 647.70 | T14: =广诚DHL运费!F20 -> 678.60 | U14: =广诚DHL运费!F21 -> 709.50 | V14: =广诚DHL运费!F22 -> 740.40 | W14: =广诚DHL运费!F23 -> 771.00 | X14: =广诚DHL运费!F24 -> 801.60 | Y14: =广诚DHL运费!F25 -> 832.20 | Z14: =广诚DHL运费!F26 -> 862.80 | AA14: =广诚DHL运费!F27 -> 893.40 | AB14: =广诚DHL运费!F28 -> 924.00 | AC14: =广诚DHL运费!F29 -> 954.60 | AD14: =广诚DHL运费!F30 -> 985.20 | AE14: =广诚DHL运费!F31 -> 1,015.80 | AF14: =广诚DHL运费!F32 -> 1,046.40 | AG14: =广诚DHL运费!F33 -> 1,077.00 | AH14: =广诚DHL运费!F34 -> 1,107.60 | AI14: =广诚DHL运费!F35 -> 1,138.20 | AJ14: =广诚DHL运费!F36 -> 1,168.80 | AK14: =广诚DHL运费!F37 -> 1,199.40 | AL14: =广诚DHL运费!F38 -> 1,230.00 | AM14: =广诚DHL运费!F39 -> 1,260.60 | AN14: =广诚DHL运费!F40 -> 1,291.20 | AO14: =广诚DHL运费!F41 -> 1,321.80 | AP14: =广诚DHL运费!F42 -> 1,352.40 | AQ14: 569.01 | AR14: 580.32 | AS14: 591.63 | AT14: 602.94 | AU14: 614.25 | AV14: 625.56 | AW14: 636.87 | AX14: 648.18 | AY14: 659.49 | AZ14: 670.8 | BA14: 682.11 | BB14: 693.42 | BC14: 704.73 | BD14: 716.04 | BE14: 727.35 | BF14: 738.66 | BG14: 749.97 | BH14: 761.28 | BI14: 772.59 | BJ14: 783.9
A15: 越南 | B15: 4 | C15: =广诚DHL运费!F3 -> 146.40 | D15: =广诚DHL运费!F4 -> 178.50 | E15: =广诚DHL运费!F5 -> 210.60 | F15: =广诚DHL运费!F6 -> 242.70 | G15: =广诚DHL运费!F7 -> 275.40 | H15: =广诚DHL运费!F8 -> 306.60 | I15: =广诚DHL运费!F9 -> 337.80 | J15: =广诚DHL运费!F10 -> 369.00 | K15: =广诚DHL运费!F11 -> 400.20 | L15: =广诚DHL运费!F12 -> 431.40 | M15: =广诚DHL运费!F13 -> 462.30 | N15: =广诚DHL运费!F14 -> 493.20 | O15: =广诚DHL运费!F15 -> 524.10 | P15: =广诚DHL运费!F16 -> 555.00 | Q15: =广诚DHL运费!F17 -> 585.90 | R15: =广诚DHL运费!F18 -> 616.80 | S15: =广诚DHL运费!F19 -> 647.70 | T15: =广诚DHL运费!F20 -> 678.60 | U15: =广诚DHL运费!F21 -> 709.50 | V15: =广诚DHL运费!F22 -> 740.40 | W15: =广诚DHL运费!F23 -> 771.00 | X15: =广诚DHL运费!F24 -> 801.60 | Y15: =广诚DHL运费!F25 -> 832.20 | Z15: =广诚DHL运费!F26 -> 862.80 | AA15: =广诚DHL运费!F27 -> 893.40 | AB15: =广诚DHL运费!F28 -> 924.00 | AC15: =广诚DHL运费!F29 -> 954.60 | AD15: =广诚DHL运费!F30 -> 985.20 | AE15: =广诚DHL运费!F31 -> 1,015.80 | AF15: =广诚DHL运费!F32 -> 1,046.40 | AG15: =广诚DHL运费!F33 -> 1,077.00 | AH15: =广诚DHL运费!F34 -> 1,107.60 | AI15: =广诚DHL运费!F35 -> 1,138.20 | AJ15: =广诚DHL运费!F36 -> 1,168.80 | AK15: =广诚DHL运费!F37 -> 1,199.40 | AL15: =广诚DHL运费!F38 -> 1,230.00 | AM15: =广诚DHL运费!F39 -> 1,260.60 | AN15: =广诚DHL运费!F40 -> 1,291.20 | AO15: =广诚DHL运费!F41 -> 1,321.80 | AP15: =广诚DHL运费!F42 -> 1,352.40 | AQ15: 569.01 | AR15: 580.32 | AS15: 591.63 | AT15: 602.94 | AU15: 614.25 | AV15: 625.56 | AW15: 636.87 | AX15: 648.18 | AY15: 659.49 | AZ15: 670.8 | BA15: 682.11 | BB15: 693.42 | BC15: 704.73 | BD15: 716.04 | BE15: 727.35 | BF15: 738.66 | BG15: 749.97 | BH15: 761.28 | BI15: 772.59 | BJ15: 783.9
A16: 澳大利亚 | B16: 5 | C16: =广诚DHL运费!G3 -> 147.30 | D16: =广诚DHL运费!G4 -> 193.50 | E16: =广诚DHL运费!G5 -> 239.70 | F16: =广诚DHL运费!G6 -> 285.90 | G16: =广诚DHL运费!G7 -> 332.10 | H16: =广诚DHL运费!G8 -> 376.20 | I16: =广诚DHL运费!G9 -> 420.30 | J16: =广诚DHL运费!G10 -> 464.40 | K16: =广诚DHL运费!G11 -> 508.50 | L16: =广诚DHL运费!G12 -> 552.60 | M16: =广诚DHL运费!G13 -> 592.50 | N16: =广诚DHL运费!G14 -> 632.40 | O16: =广诚DHL运费!G15 -> 672.30 | P16: =广诚DHL运费!G16 -> 712.20 | Q16: =广诚DHL运费!G17 -> 752.10 | R16: =广诚DHL运费!G18 -> 792.00 | S16: =广诚DHL运费!G19 -> 831.90 | T16: =广诚DHL运费!G20 -> 871.80 | U16: =广诚DHL运费!G21 -> 911.70 | V16: =广诚DHL运费!G22 -> 951.60 | W16: =广诚DHL运费!G23 -> 988.80 | X16: =广诚DHL运费!G24 -> 1,026.00 | Y16: =广诚DHL运费!G25 -> 1,063.20 | Z16: =广诚DHL运费!G26 -> 1,100.40 | AA16: =广诚DHL运费!G27 -> 1,137.60 | AB16: =广诚DHL运费!G28 -> 1,174.80 | AC16: =广诚DHL运费!G29 -> 1,212.00 | AD16: =广诚DHL运费!G30 -> 1,249.20 | AE16: =广诚DHL运费!G31 -> 1,286.40 | AF16: =广诚DHL运费!G32 -> 1,323.60 | AG16: =广诚DHL运费!G33 -> 1,360.80 | AH16: =广诚DHL运费!G34 -> 1,398.00 | AI16: =广诚DHL运费!G35 -> 1,435.20 | AJ16: =广诚DHL运费!G36 -> 1,472.40 | AK16: =广诚DHL运费!G37 -> 1,509.60 | AL16: =广诚DHL运费!G38 -> 1,546.80 | AM16: =广诚DHL运费!G39 -> 1,584.00 | AN16: =广诚DHL运费!G40 -> 1,621.20 | AO16: =广诚DHL运费!G41 -> 1,658.40 | AP16: =广诚DHL运费!G42 -> 1,695.60 | AQ16: 1046.14 | AR16: 1068.94 | AS16: 1091.74 | AT16: 1114.54 | AU16: 1137.34 | AV16: 1160.14 | AW16: 1182.94 | AX16: 1205.74 | AY16: 1228.54 | AZ16: 1251.34 | BA16: 1274.14 | BB16: 1296.94 | BC16: 1319.74 | BD16: 1342.54 | BE16: 1365.34 | BF16: 1388.14 | BG16: 1410.94 | BH16: 1433.74 | BI16: 1456.54 | BJ16: 1479.34
A17: 新西兰 | B17: 5 | C17: =广诚DHL运费!G3 -> 147.30 | D17: =广诚DHL运费!G4 -> 193.50 | E17: =广诚DHL运费!G5 -> 239.70 | F17: =广诚DHL运费!G6 -> 285.90 | G17: =广诚DHL运费!G7 -> 332.10 | H17: =广诚DHL运费!G8 -> 376.20 | I17: =广诚DHL运费!G9 -> 420.30 | J17: =广诚DHL运费!G10 -> 464.40 | K17: =广诚DHL运费!G11 -> 508.50 | L17: =广诚DHL运费!G12 -> 552.60 | M17: =广诚DHL运费!G13 -> 592.50 | N17: =广诚DHL运费!G14 -> 632.40 | O17: =广诚DHL运费!G15 -> 672.30 | P17: =广诚DHL运费!G16 -> 712.20 | Q17: =广诚DHL运费!G17 -> 752.10 | R17: =广诚DHL运费!G18 -> 792.00 | S17: =广诚DHL运费!G19 -> 831.90 | T17: =广诚DHL运费!G20 -> 871.80 | U17: =广诚DHL运费!G21 -> 911.70 | V17: =广诚DHL运费!G22 -> 951.60 | W17: =广诚DHL运费!G23 -> 988.80 | X17: =广诚DHL运费!G24 -> 1,026.00 | Y17: =广诚DHL运费!G25 -> 1,063.20 | Z17: =广诚DHL运费!G26 -> 1,100.40 | AA17: =广诚DHL运费!G27 -> 1,137.60 | AB17: =广诚DHL运费!G28 -> 1,174.80 | AC17: =广诚DHL运费!G29 -> 1,212.00 | AD17: =广诚DHL运费!G30 -> 1,249.20 | AE17: =广诚DHL运费!G31 -> 1,286.40 | AF17: =广诚DHL运费!G32 -> 1,323.60 | AG17: =广诚DHL运费!G33 -> 1,360.80 | AH17: =广诚DHL运费!G34 -> 1,398.00 | AI17: =广诚DHL运费!G35 -> 1,435.20 | AJ17: =广诚DHL运费!G36 -> 1,472.40 | AK17: =广诚DHL运费!G37 -> 1,509.60 | AL17: =广诚DHL运费!G38 -> 1,546.80 | AM17: =广诚DHL运费!G39 -> 1,584.00 | AN17: =广诚DHL运费!G40 -> 1,621.20 | AO17: =广诚DHL运费!G41 -> 1,658.40 | AP17: =广诚DHL运费!G42 -> 1,695.60 | AQ17: 1046.14 | AR17: 1068.94 | AS17: 1091.74 | AT17: 1114.54 | AU17: 1137.34 | AV17: 1160.14 | AW17: 1182.94 | AX17: 1205.74 | AY17: 1228.54 | AZ17: 1251.34 | BA17: 1274.14 | BB17: 1296.94 | BC17: 1319.74 | BD17: 1342.54 | BE17: 1365.34 | BF17: 1388.14 | BG17: 1410.94 | BH17: 1433.74 | BI17: 1456.54 | BJ17: 1479.34
A18: 加拿大 | B18: 6 | C18: =广诚DHL运费!H3 -> 151.50 | D18: =广诚DHL运费!H4 -> 201.00 | E18: =广诚DHL运费!H5 -> 250.50 | F18: =广诚DHL运费!H6 -> 300.00 | G18: =广诚DHL运费!H7 -> 349.20 | H18: =广诚DHL运费!H8 -> 396.90 | I18: =广诚DHL运费!H9 -> 444.60 | J18: =广诚DHL运费!H10 -> 492.30 | K18: =广诚DHL运费!H11 -> 540.00 | L18: =广诚DHL运费!H12 -> 587.70 | M18: =广诚DHL运费!H13 -> 635.40 | N18: =广诚DHL运费!H14 -> 683.10 | O18: =广诚DHL运费!H15 -> 730.80 | P18: =广诚DHL运费!H16 -> 778.50 | Q18: =广诚DHL运费!H17 -> 826.20 | R18: =广诚DHL运费!H18 -> 873.90 | S18: =广诚DHL运费!H19 -> 921.60 | T18: =广诚DHL运费!H20 -> 969.30 | U18: =广诚DHL运费!H21 -> 1,017.00 | V18: =广诚DHL运费!H22 -> 1,064.70 | W18: =广诚DHL运费!H23 -> 1,109.70 | X18: =广诚DHL运费!H24 -> 1,154.70 | Y18: =广诚DHL运费!H25 -> 1,199.70 | Z18: =广诚DHL运费!H26 -> 1,244.70 | AA18: =广诚DHL运费!H27 -> 1,289.70 | AB18: =广诚DHL运费!H28 -> 1,334.70 | AC18: =广诚DHL运费!H29 -> 1,379.70 | AD18: =广诚DHL运费!H30 -> 1,424.70 | AE18: =广诚DHL运费!H31 -> 1,469.70 | AF18: =广诚DHL运费!H32 -> 1,514.70 | AG18: =广诚DHL运费!H33 -> 1,559.70 | AH18: =广诚DHL运费!H34 -> 1,604.70 | AI18: =广诚DHL运费!H35 -> 1,649.70 | AJ18: =广诚DHL运费!H36 -> 1,694.70 | AK18: =广诚DHL运费!H37 -> 1,739.70 | AL18: =广诚DHL运费!H38 -> 1,784.70 | AM18: =广诚DHL运费!H39 -> 1,829.70 | AN18: =广诚DHL运费!H40 -> 1,874.70 | AO18: =广诚DHL运费!H41 -> 1,919.70 | AP18: =广诚DHL运费!H42 -> 1,964.70 | AQ18: 1078.14 | AR18: 1094.8 | AS18: 1111.46 | AT18: 1128.12 | AU18: 1144.78 | AV18: 1161.44 | AW18: 1178.1 | AX18: 1194.76 | AY18: 1211.42 | AZ18: 1228.08 | BA18: 1244.74 | BB18: 1261.4 | BC18: 1278.06 | BD18: 1294.72 | BE18: 1311.38 | BF18: 1328.04 | BG18: 1344.7 | BH18: 1361.36 | BI18: 1378.02 | BJ18: 1394.68
A19: 墨西哥 | B19: 6 | C19: =广诚DHL运费!H3 -> 151.50 | D19: =广诚DHL运费!H4 -> 201.00 | E19: =广诚DHL运费!H5 -> 250.50 | F19: =广诚DHL运费!H6 -> 300.00 | G19: =广诚DHL运费!H7 -> 349.20 | H19: =广诚DHL运费!H8 -> 396.90 | I19: =广诚DHL运费!H9 -> 444.60 | J19: =广诚DHL运费!H10 -> 492.30 | K19: =广诚DHL运费!H11 -> 540.00 | L19: =广诚DHL运费!H12 -> 587.70 | M19: =广诚DHL运费!H13 -> 635.40 | N19: =广诚DHL运费!H14 -> 683.10 | O19: =广诚DHL运费!H15 -> 730.80 | P19: =广诚DHL运费!H16 -> 778.50 | Q19: =广诚DHL运费!H17 -> 826.20 | R19: =广诚DHL运费!H18 -> 873.90 | S19: =广诚DHL运费!H19 -> 921.60 | T19: =广诚DHL运费!H20 -> 969.30 | U19: =广诚DHL运费!H21 -> 1,017.00 | V19: =广诚DHL运费!H22 -> 1,064.70 | W19: =广诚DHL运费!H23 -> 1,109.70 | X19: =广诚DHL运费!H24 -> 1,154.70 | Y19: =广诚DHL运费!H25 -> 1,199.70 | Z19: =广诚DHL运费!H26 -> 1,244.70 | AA19: =广诚DHL运费!H27 -> 1,289.70 | AB19: =广诚DHL运费!H28 -> 1,334.70 | AC19: =广诚DHL运费!H29 -> 1,379.70 | AD19: =广诚DHL运费!H30 -> 1,424.70 | AE19: =广诚DHL运费!H31 -> 1,469.70 | AF19: =广诚DHL运费!H32 -> 1,514.70 | AG19: =广诚DHL运费!H33 -> 1,559.70 | AH19: =广诚DHL运费!H34 -> 1,604.70 | AI19: =广诚DHL运费!H35 -> 1,649.70 | AJ19: =广诚DHL运费!H36 -> 1,694.70 | AK19: =广诚DHL运费!H37 -> 1,739.70 | AL19: =广诚DHL运费!H38 -> 1,784.70 | AM19: =广诚DHL运费!H39 -> 1,829.70 | AN19: =广诚DHL运费!H40 -> 1,874.70 | AO19: =广诚DHL运费!H41 -> 1,919.70 | AP19: =广诚DHL运费!H42 -> 1,964.70 | AQ19: 1078.14 | AR19: 1094.8 | AS19: 1111.46 | AT19: 1128.12 | AU19: 1144.78 | AV19: 1161.44 | AW19: 1178.1 | AX19: 1194.76 | AY19: 1211.42 | AZ19: 1228.08 | BA19: 1244.74 | BB19: 1261.4 | BC19: 1278.06 | BD19: 1294.72 | BE19: 1311.38 | BF19: 1328.04 | BG19: 1344.7 | BH19: 1361.36 | BI19: 1378.02 | BJ19: 1394.68
A20: 美国 | B20: 6 | C20: =广诚DHL运费!H3 -> 151.50 | D20: =广诚DHL运费!H4 -> 201.00 | E20: =广诚DHL运费!H5 -> 250.50 | F20: =广诚DHL运费!H6 -> 300.00 | G20: =广诚DHL运费!H7 -> 349.20 | H20: =广诚DHL运费!H8 -> 396.90 | I20: =广诚DHL运费!H9 -> 444.60 | J20: =广诚DHL运费!H10 -> 492.30 | K20: =广诚DHL运费!H11 -> 540.00 | L20: =广诚DHL运费!H12 -> 587.70 | M20: =广诚DHL运费!H13 -> 635.40 | N20: =广诚DHL运费!H14 -> 683.10 | O20: =广诚DHL运费!H15 -> 730.80 | P20: =广诚DHL运费!H16 -> 778.50 | Q20: =广诚DHL运费!H17 -> 826.20 | R20: =广诚DHL运费!H18 -> 873.90 | S20: =广诚DHL运费!H19 -> 921.60 | T20: =广诚DHL运费!H20 -> 969.30 | U20: =广诚DHL运费!H21 -> 1,017.00 | V20: =广诚DHL运费!H22 -> 1,064.70 | W20: =广诚DHL运费!H23 -> 1,109.70 | X20: =广诚DHL运费!H24 -> 1,154.70 | Y20: =广诚DHL运费!H25 -> 1,199.70 | Z20: =广诚DHL运费!H26 -> 1,244.70 | AA20: =广诚DHL运费!H27 -> 1,289.70 | AB20: =广诚DHL运费!H28 -> 1,334.70 | AC20: =广诚DHL运费!H29 -> 1,379.70 | AD20: =广诚DHL运费!H30 -> 1,424.70 | AE20: =广诚DHL运费!H31 -> 1,469.70 | AF20: =广诚DHL运费!H32 -> 1,514.70 | AG20: =广诚DHL运费!H33 -> 1,559.70 | AH20: =广诚DHL运费!H34 -> 1,604.70 | AI20: =广诚DHL运费!H35 -> 1,649.70 | AJ20: =广诚DHL运费!H36 -> 1,694.70 | AK20: =广诚DHL运费!H37 -> 1,739.70 | AL20: =广诚DHL运费!H38 -> 1,784.70 | AM20: =广诚DHL运费!H39 -> 1,829.70 | AN20: =广诚DHL运费!H40 -> 1,874.70 | AO20: =广诚DHL运费!H41 -> 1,919.70 | AP20: =广诚DHL运费!H42 -> 1,964.70 | AQ20: 1078.14 | AR20: 1094.8 | AS20: 1111.46 | AT20: 1128.12 | AU20: 1144.78 | AV20: 1161.44 | AW20: 1178.1 | AX20: 1194.76 | AY20: 1211.42 | AZ20: 1228.08 | BA20: 1244.74 | BB20: 1261.4 | BC20: 1278.06 | BD20: 1294.72 | BE20: 1311.38 | BF20: 1328.04 | BG20: 1344.7 | BH20: 1361.36 | BI20: 1378.02 | BJ20: 1394.68
A21: 安道尔 | B21: 7 | C21: =广诚DHL运费!I3 -> 192.60 | D21: =广诚DHL运费!I4 -> 242.70 | E21: =广诚DHL运费!I5 -> 292.80 | F21: =广诚DHL运费!I6 -> 342.90 | G21: =广诚DHL运费!I7 -> 393.00 | H21: =广诚DHL运费!I8 -> 446.10 | I21: =广诚DHL运费!I9 -> 499.20 | J21: =广诚DHL运费!I10 -> 552.30 | K21: =广诚DHL运费!I11 -> 605.40 | L21: =广诚DHL运费!I12 -> 658.50 | M21: =广诚DHL运费!I13 -> 706.50 | N21: =广诚DHL运费!I14 -> 754.50 | O21: =广诚DHL运费!I15 -> 802.50 | P21: =广诚DHL运费!I16 -> 850.50 | Q21: =广诚DHL运费!I17 -> 898.50 | R21: =广诚DHL运费!I18 -> 946.50 | S21: =广诚DHL运费!I19 -> 994.50 | T21: =广诚DHL运费!I20 -> 1,042.50 | U21: =广诚DHL运费!I21 -> 1,090.50 | V21: =广诚DHL运费!I22 -> 1,138.50 | W21: =广诚DHL运费!I23 -> 1,181.10 | X21: =广诚DHL运费!I24 -> 1,223.70 | Y21: =广诚DHL运费!I25 -> 1,266.30 | Z21: =广诚DHL运费!I26 -> 1,308.90 | AA21: =广诚DHL运费!I27 -> 1,351.50 | AB21: =广诚DHL运费!I28 -> 1,394.10 | AC21: =广诚DHL运费!I29 -> 1,436.70 | AD21: =广诚DHL运费!I30 -> 1,479.30 | AE21: =广诚DHL运费!I31 -> 1,521.90 | AF21: =广诚DHL运费!I32 -> 1,564.50 | AG21: =广诚DHL运费!I33 -> 1,607.10 | AH21: =广诚DHL运费!I34 -> 1,649.70 | AI21: =广诚DHL运费!I35 -> 1,692.30 | AJ21: =广诚DHL运费!I36 -> 1,734.90 | AK21: =广诚DHL运费!I37 -> 1,777.50 | AL21: =广诚DHL运费!I38 -> 1,820.10 | AM21: =广诚DHL运费!I39 -> 1,862.70 | AN21: =广诚DHL运费!I40 -> 1,905.30 | AO21: =广诚DHL运费!I41 -> 1,947.90 | AP21: =广诚DHL运费!I42 -> 1,990.50 | AQ21: 968.25 | AR21: 988.05 | AS21: 1007.85 | AT21: 1027.65 | AU21: 1047.45 | AV21: 1067.25 | AW21: 1087.05 | AX21: 1106.85 | AY21: 1126.65 | AZ21: 1146.45 | BA21: 1166.25 | BB21: 1186.05 | BC21: 1205.85 | BD21: 1225.65 | BE21: 1245.45 | BF21: 1265.25 | BG21: 1285.05 | BH21: 1304.85 | BI21: 1324.65 | BJ21: 1344.45
A22: 奥地利 | B22: 7 | C22: =广诚DHL运费!I3 -> 192.60 | D22: =广诚DHL运费!I4 -> 242.70 | E22: =广诚DHL运费!I5 -> 292.80 | F22: =广诚DHL运费!I6 -> 342.90 | G22: =广诚DHL运费!I7 -> 393.00 | H22: =广诚DHL运费!I8 -> 446.10 | I22: =广诚DHL运费!I9 -> 499.20 | J22: =广诚DHL运费!I10 -> 552.30 | K22: =广诚DHL运费!I11 -> 605.40 | L22: =广诚DHL运费!I12 -> 658.50 | M22: =广诚DHL运费!I13 -> 706.50 | N22: =广诚DHL运费!I14 -> 754.50 | O22: =广诚DHL运费!I15 -> 802.50 | P22: =广诚DHL运费!I16 -> 850.50 | Q22: =广诚DHL运费!I17 -> 898.50 | R22: =广诚DHL运费!I18 -> 946.50 | S22: =广诚DHL运费!I19 -> 994.50 | T22: =广诚DHL运费!I20 -> 1,042.50 | U22: =广诚DHL运费!I21 -> 1,090.50 | V22: =广诚DHL运费!I22 -> 1,138.50 | W22: =广诚DHL运费!I23 -> 1,181.10 | X22: =广诚DHL运费!I24 -> 1,223.70 | Y22: =广诚DHL运费!I25 -> 1,266.30 | Z22: =广诚DHL运费!I26 -> 1,308.90 | AA22: =广诚DHL运费!I27 -> 1,351.50 | AB22: =广诚DHL运费!I28 -> 1,394.10 | AC22: =广诚DHL运费!I29 -> 1,436.70 | AD22: =广诚DHL运费!I30 -> 1,479.30 | AE22: =广诚DHL运费!I31 -> 1,521.90 | AF22: =广诚DHL运费!I32 -> 1,564.50 | AG22: =广诚DHL运费!I33 -> 1,607.10 | AH22: =广诚DHL运费!I34 -> 1,649.70 | AI22: =广诚DHL运费!I35 -> 1,692.30 | AJ22: =广诚DHL运费!I36 -> 1,734.90 | AK22: =广诚DHL运费!I37 -> 1,777.50 | AL22: =广诚DHL运费!I38 -> 1,820.10 | AM22: =广诚DHL运费!I39 -> 1,862.70 | AN22: =广诚DHL运费!I40 -> 1,905.30 | AO22: =广诚DHL运费!I41 -> 1,947.90 | AP22: =广诚DHL运费!I42 -> 1,990.50 | AQ22: 968.25 | AR22: 988.05 | AS22: 1007.85 | AT22: 1027.65 | AU22: 1047.45 | AV22: 1067.25 | AW22: 1087.05 | AX22: 1106.85 | AY22: 1126.65 | AZ22: 1146.45 | BA22: 1166.25 | BB22: 1186.05 | BC22: 1205.85 | BD22: 1225.65 | BE22: 1245.45 | BF22: 1265.25 | BG22: 1285.05 | BH22: 1304.85 | BI22: 1324.65 | BJ22: 1344.45
A23: 比利时 | B23: 7 | C23: =广诚DHL运费!I3 -> 192.60 | D23: =广诚DHL运费!I4 -> 242.70 | E23: =广诚DHL运费!I5 -> 292.80 | F23: =广诚DHL运费!I6 -> 342.90 | G23: =广诚DHL运费!I7 -> 393.00 | H23: =广诚DHL运费!I8 -> 446.10 | I23: =广诚DHL运费!I9 -> 499.20 | J23: =广诚DHL运费!I10 -> 552.30 | K23: =广诚DHL运费!I11 -> 605.40 | L23: =广诚DHL运费!I12 -> 658.50 | M23: =广诚DHL运费!I13 -> 706.50 | N23: =广诚DHL运费!I14 -> 754.50 | O23: =广诚DHL运费!I15 -> 802.50 | P23: =广诚DHL运费!I16 -> 850.50 | Q23: =广诚DHL运费!I17 -> 898.50 | R23: =广诚DHL运费!I18 -> 946.50 | S23: =广诚DHL运费!I19 -> 994.50 | T23: =广诚DHL运费!I20 -> 1,042.50 | U23: =广诚DHL运费!I21 -> 1,090.50 | V23: =广诚DHL运费!I22 -> 1,138.50 | W23: =广诚DHL运费!I23 -> 1,181.10 | X23: =广诚DHL运费!I24 -> 1,223.70 | Y23: =广诚DHL运费!I25 -> 1,266.30 | Z23: =广诚DHL运费!I26 -> 1,308.90 | AA23: =广诚DHL运费!I27 -> 1,351.50 | AB23: =广诚DHL运费!I28 -> 1,394.10 | AC23: =广诚DHL运费!I29 -> 1,436.70 | AD23: =广诚DHL运费!I30 -> 1,479.30 | AE23: =广诚DHL运费!I31 -> 1,521.90 | AF23: =广诚DHL运费!I32 -> 1,564.50 | AG23: =广诚DHL运费!I33 -> 1,607.10 | AH23: =广诚DHL运费!I34 -> 1,649.70 | AI23: =广诚DHL运费!I35 -> 1,692.30 | AJ23: =广诚DHL运费!I36 -> 1,734.90 | AK23: =广诚DHL运费!I37 -> 1,777.50 | AL23: =广诚DHL运费!I38 -> 1,820.10 | AM23: =广诚DHL运费!I39 -> 1,862.70 | AN23: =广诚DHL运费!I40 -> 1,905.30 | AO23: =广诚DHL运费!I41 -> 1,947.90 | AP23: =广诚DHL运费!I42 -> 1,990.50 | AQ23: 968.25 | AR23: 988.05 | AS23: 1007.85 | AT23: 1027.65 | AU23: 1047.45 | AV23: 1067.25 | AW23: 1087.05 | AX23: 1106.85 | AY23: 1126.65 | AZ23: 1146.45 | BA23: 1166.25 | BB23: 1186.05 | BC23: 1205.85 | BD23: 1225.65 | BE23: 1245.45 | BF23: 1265.25 | BG23: 1285.05 | BH23: 1304.85 | BI23: 1324.65 | BJ23: 1344.45
A24: 保加利亚 | B24: 7 | C24: =广诚DHL运费!I3 -> 192.60 | D24: =广诚DHL运费!I4 -> 242.70 | E24: =广诚DHL运费!I5 -> 292.80 | F24: =广诚DHL运费!I6 -> 342.90 | G24: =广诚DHL运费!I7 -> 393.00 | H24: =广诚DHL运费!I8 -> 446.10 | I24: =广诚DHL运费!I9 -> 499.20 | J24: =广诚DHL运费!I10 -> 552.30 | K24: =广诚DHL运费!I11 -> 605.40 | L24: =广诚DHL运费!I12 -> 658.50 | M24: =广诚DHL运费!I13 -> 706.50 | N24: =广诚DHL运费!I14 -> 754.50 | O24: =广诚DHL运费!I15 -> 802.50 | P24: =广诚DHL运费!I16 -> 850.50 | Q24: =广诚DHL运费!I17 -> 898.50 | R24: =广诚DHL运费!I18 -> 946.50 | S24: =广诚DHL运费!I19 -> 994.50 | T24: =广诚DHL运费!I20 -> 1,042.50 | U24: =广诚DHL运费!I21 -> 1,090.50 | V24: =广诚DHL运费!I22 -> 1,138.50 | W24: =广诚DHL运费!I23 -> 1,181.10 | X24: =广诚DHL运费!I24 -> 1,223.70 | Y24: =广诚DHL运费!I25 -> 1,266.30 | Z24: =广诚DHL运费!I26 -> 1,308.90 | AA24: =广诚DHL运费!I27 -> 1,351.50 | AB24: =广诚DHL运费!I28 -> 1,394.10 | AC24: =广诚DHL运费!I29 -> 1,436.70 | AD24: =广诚DHL运费!I30 -> 1,479.30 | AE24: =广诚DHL运费!I31 -> 1,521.90 | AF24: =广诚DHL运费!I32 -> 1,564.50 | AG24: =广诚DHL运费!I33 -> 1,607.10 | AH24: =广诚DHL运费!I34 -> 1,649.70 | AI24: =广诚DHL运费!I35 -> 1,692.30 | AJ24: =广诚DHL运费!I36 -> 1,734.90 | AK24: =广诚DHL运费!I37 -> 1,777.50 | AL24: =广诚DHL运费!I38 -> 1,820.10 | AM24: =广诚DHL运费!I39 -> 1,862.70 | AN24: =广诚DHL运费!I40 -> 1,905.30 | AO24: =广诚DHL运费!I41 -> 1,947.90 | AP24: =广诚DHL运费!I42 -> 1,990.50 | AQ24: 968.25 | AR24: 988.05 | AS24: 1007.85 | AT24: 1027.65 | AU24: 1047.45 | AV24: 1067.25 | AW24: 1087.05 | AX24: 1106.85 | AY24: 1126.65 | AZ24: 1146.45 | BA24: 1166.25 | BB24: 1186.05 | BC24: 1205.85 | BD24: 1225.65 | BE24: 1245.45 | BF24: 1265.25 | BG24: 1285.05 | BH24: 1304.85 | BI24: 1324.65 | BJ24: 1344.45
A25: 瑞士 | B25: 7 | C25: =广诚DHL运费!I3 -> 192.60 | D25: =广诚DHL运费!I4 -> 242.70 | E25: =广诚DHL运费!I5 -> 292.80 | F25: =广诚DHL运费!I6 -> 342.90 | G25: =广诚DHL运费!I7 -> 393.00 | H25: =广诚DHL运费!I8 -> 446.10 | I25: =广诚DHL运费!I9 -> 499.20 | J25: =广诚DHL运费!I10 -> 552.30 | K25: =广诚DHL运费!I11 -> 605.40 | L25: =广诚DHL运费!I12 -> 658.50 | M25: =广诚DHL运费!I13 -> 706.50 | N25: =广诚DHL运费!I14 -> 754.50 | O25: =广诚DHL运费!I15 -> 802.50 | P25: =广诚DHL运费!I16 -> 850.50 | Q25: =广诚DHL运费!I17 -> 898.50 | R25: =广诚DHL运费!I18 -> 946.50 | S25: =广诚DHL运费!I19 -> 994.50 | T25: =广诚DHL运费!I20 -> 1,042.50 | U25: =广诚DHL运费!I21 -> 1,090.50 | V25: =广诚DHL运费!I22 -> 1,138.50 | W25: =广诚DHL运费!I23 -> 1,181.10 | X25: =广诚DHL运费!I24 -> 1,223.70 | Y25: =广诚DHL运费!I25 -> 1,266.30 | Z25: =广诚DHL运费!I26 -> 1,308.90 | AA25: =广诚DHL运费!I27 -> 1,351.50 | AB25: =广诚DHL运费!I28 -> 1,394.10 | AC25: =广诚DHL运费!I29 -> 1,436.70 | AD25: =广诚DHL运费!I30 -> 1,479.30 | AE25: =广诚DHL运费!I31 -> 1,521.90 | AF25: =广诚DHL运费!I32 -> 1,564.50 | AG25: =广诚DHL运费!I33 -> 1,607.10 | AH25: =广诚DHL运费!I34 -> 1,649.70 | AI25: =广诚DHL运费!I35 -> 1,692.30 | AJ25: =广诚DHL运费!I36 -> 1,734.90 | AK25: =广诚DHL运费!I37 -> 1,777.50 | AL25: =广诚DHL运费!I38 -> 1,820.10 | AM25: =广诚DHL运费!I39 -> 1,862.70 | AN25: =广诚DHL运费!I40 -> 1,905.30 | AO25: =广诚DHL运费!I41 -> 1,947.90 | AP25: =广诚DHL运费!I42 -> 1,990.50 | AQ25: 968.25 | AR25: 988.05 | AS25: 1007.85 | AT25: 1027.65 | AU25: 1047.45 | AV25: 1067.25 | AW25: 1087.05 | AX25: 1106.85 | AY25: 1126.65 | AZ25: 1146.45 | BA25: 1166.25 | BB25: 1186.05 | BC25: 1205.85 | BD25: 1225.65 | BE25: 1245.45 | BF25: 1265.25 | BG25: 1285.05 | BH25: 1304.85 | BI25: 1324.65 | BJ25: 1344.45
A26: 塞浦路斯 | B26: 7 | C26: =广诚DHL运费!I3 -> 192.60 | D26: =广诚DHL运费!I4 -> 242.70 | E26: =广诚DHL运费!I5 -> 292.80 | F26: =广诚DHL运费!I6 -> 342.90 | G26: =广诚DHL运费!I7 -> 393.00 | H26: =广诚DHL运费!I8 -> 446.10 | I26: =广诚DHL运费!I9 -> 499.20 | J26: =广诚DHL运费!I10 -> 552.30 | K26: =广诚DHL运费!I11 -> 605.40 | L26: =广诚DHL运费!I12 -> 658.50 | M26: =广诚DHL运费!I13 -> 706.50 | N26: =广诚DHL运费!I14 -> 754.50 | O26: =广诚DHL运费!I15 -> 802.50 | P26: =广诚DHL运费!I16 -> 850.50 | Q26: =广诚DHL运费!I17 -> 898.50 | R26: =广诚DHL运费!I18 -> 946.50 | S26: =广诚DHL运费!I19 -> 994.50 | T26: =广诚DHL运费!I20 -> 1,042.50 | U26: =广诚DHL运费!I21 -> 1,090.50 | V26: =广诚DHL运费!I22 -> 1,138.50 | W26: =广诚DHL运费!I23 -> 1,181.10 | X26: =广诚DHL运费!I24 -> 1,223.70 | Y26: =广诚DHL运费!I25 -> 1,266.30 | Z26: =广诚DHL运费!I26 -> 1,308.90 | AA26: =广诚DHL运费!I27 -> 1,351.50 | AB26: =广诚DHL运费!I28 -> 1,394.10 | AC26: =广诚DHL运费!I29 -> 1,436.70 | AD26: =广诚DHL运费!I30 -> 1,479.30 | AE26: =广诚DHL运费!I31 -> 1,521.90 | AF26: =广诚DHL运费!I32 -> 1,564.50 | AG26: =广诚DHL运费!I33 -> 1,607.10 | AH26: =广诚DHL运费!I34 -> 1,649.70 | AI26: =广诚DHL运费!I35 -> 1,692.30 | AJ26: =广诚DHL运费!I36 -> 1,734.90 | AK26: =广诚DHL运费!I37 -> 1,777.50 | AL26: =广诚DHL运费!I38 -> 1,820.10 | AM26: =广诚DHL运费!I39 -> 1,862.70 | AN26: =广诚DHL运费!I40 -> 1,905.30 | AO26: =广诚DHL运费!I41 -> 1,947.90 | AP26: =广诚DHL运费!I42 -> 1,990.50 | AQ26: 968.25 | AR26: 988.05 | AS26: 1007.85 | AT26: 1027.65 | AU26: 1047.45 | AV26: 1067.25 | AW26: 1087.05 | AX26: 1106.85 | AY26: 1126.65 | AZ26: 1146.45 | BA26: 1166.25 | BB26: 1186.05 | BC26: 1205.85 | BD26: 1225.65 | BE26: 1245.45 | BF26: 1265.25 | BG26: 1285.05 | BH26: 1304.85 | BI26: 1324.65 | BJ26: 1344.45
A27: 捷克共和国 | B27: 7 | C27: =广诚DHL运费!I3 -> 192.60 | D27: =广诚DHL运费!I4 -> 242.70 | E27: =广诚DHL运费!I5 -> 292.80 | F27: =广诚DHL运费!I6 -> 342.90 | G27: =广诚DHL运费!I7 -> 393.00 | H27: =广诚DHL运费!I8 -> 446.10 | I27: =广诚DHL运费!I9 -> 499.20 | J27: =广诚DHL运费!I10 -> 552.30 | K27: =广诚DHL运费!I11 -> 605.40 | L27: =广诚DHL运费!I12 -> 658.50 | M27: =广诚DHL运费!I13 -> 706.50 | N27: =广诚DHL运费!I14 -> 754.50 | O27: =广诚DHL运费!I15 -> 802.50 | P27: =广诚DHL运费!I16 -> 850.50 | Q27: =广诚DHL运费!I17 -> 898.50 | R27: =广诚DHL运费!I18 -> 946.50 | S27: =广诚DHL运费!I19 -> 994.50 | T27: =广诚DHL运费!I20 -> 1,042.50 | U27: =广诚DHL运费!I21 -> 1,090.50 | V27: =广诚DHL运费!I22 -> 1,138.50 | W27: =广诚DHL运费!I23 -> 1,181.10 | X27: =广诚DHL运费!I24 -> 1,223.70 | Y27: =广诚DHL运费!I25 -> 1,266.30 | Z27: =广诚DHL运费!I26 -> 1,308.90 | AA27: =广诚DHL运费!I27 -> 1,351.50 | AB27: =广诚DHL运费!I28 -> 1,394.10 | AC27: =广诚DHL运费!I29 -> 1,436.70 | AD27: =广诚DHL运费!I30 -> 1,479.30 | AE27: =广诚DHL运费!I31 -> 1,521.90 | AF27: =广诚DHL运费!I32 -> 1,564.50 | AG27: =广诚DHL运费!I33 -> 1,607.10 | AH27: =广诚DHL运费!I34 -> 1,649.70 | AI27: =广诚DHL运费!I35 -> 1,692.30 | AJ27: =广诚DHL运费!I36 -> 1,734.90 | AK27: =广诚DHL运费!I37 -> 1,777.50 | AL27: =广诚DHL运费!I38 -> 1,820.10 | AM27: =广诚DHL运费!I39 -> 1,862.70 | AN27: =广诚DHL运费!I40 -> 1,905.30 | AO27: =广诚DHL运费!I41 -> 1,947.90 | AP27: =广诚DHL运费!I42 -> 1,990.50 | AQ27: 968.25 | AR27: 988.05 | AS27: 1007.85 | AT27: 1027.65 | AU27: 1047.45 | AV27: 1067.25 | AW27: 1087.05 | AX27: 1106.85 | AY27: 1126.65 | AZ27: 1146.45 | BA27: 1166.25 | BB27: 1186.05 | BC27: 1205.85 | BD27: 1225.65 | BE27: 1245.45 | BF27: 1265.25 | BG27: 1285.05 | BH27: 1304.85 | BI27: 1324.65 | BJ27: 1344.45
A28: 德国 | B28: 7 | C28: =广诚DHL运费!I3 -> 192.60 | D28: =广诚DHL运费!I4 -> 242.70 | E28: =广诚DHL运费!I5 -> 292.80 | F28: =广诚DHL运费!I6 -> 342.90 | G28: =广诚DHL运费!I7 -> 393.00 | H28: =广诚DHL运费!I8 -> 446.10 | I28: =广诚DHL运费!I9 -> 499.20 | J28: =广诚DHL运费!I10 -> 552.30 | K28: =广诚DHL运费!I11 -> 605.40 | L28: =广诚DHL运费!I12 -> 658.50 | M28: =广诚DHL运费!I13 -> 706.50 | N28: =广诚DHL运费!I14 -> 754.50 | O28: =广诚DHL运费!I15 -> 802.50 | P28: =广诚DHL运费!I16 -> 850.50 | Q28: =广诚DHL运费!I17 -> 898.50 | R28: =广诚DHL运费!I18 -> 946.50 | S28: =广诚DHL运费!I19 -> 994.50 | T28: =广诚DHL运费!I20 -> 1,042.50 | U28: =广诚DHL运费!I21 -> 1,090.50 | V28: =广诚DHL运费!I22 -> 1,138.50 | W28: =广诚DHL运费!I23 -> 1,181.10 | X28: =广诚DHL运费!I24 -> 1,223.70 | Y28: =广诚DHL运费!I25 -> 1,266.30 | Z28: =广诚DHL运费!I26 -> 1,308.90 | AA28: =广诚DHL运费!I27 -> 1,351.50 | AB28: =广诚DHL运费!I28 -> 1,394.10 | AC28: =广诚DHL运费!I29 -> 1,436.70 | AD28: =广诚DHL运费!I30 -> 1,479.30 | AE28: =广诚DHL运费!I31 -> 1,521.90 | AF28: =广诚DHL运费!I32 -> 1,564.50 | AG28: =广诚DHL运费!I33 -> 1,607.10 | AH28: =广诚DHL运费!I34 -> 1,649.70 | AI28: =广诚DHL运费!I35 -> 1,692.30 | AJ28: =广诚DHL运费!I36 -> 1,734.90 | AK28: =广诚DHL运费!I37 -> 1,777.50 | AL28: =广诚DHL运费!I38 -> 1,820.10 | AM28: =广诚DHL运费!I39 -> 1,862.70 | AN28: =广诚DHL运费!I40 -> 1,905.30 | AO28: =广诚DHL运费!I41 -> 1,947.90 | AP28: =广诚DHL运费!I42 -> 1,990.50 | AQ28: 968.25 | AR28: 988.05 | AS28: 1007.85 | AT28: 1027.65 | AU28: 1047.45 | AV28: 1067.25 | AW28: 1087.05 | AX28: 1106.85 | AY28: 1126.65 | AZ28: 1146.45 | BA28: 1166.25 | BB28: 1186.05 | BC28: 1205.85 | BD28: 1225.65 | BE28: 1245.45 | BF28: 1265.25 | BG28: 1285.05 | BH28: 1304.85 | BI28: 1324.65 | BJ28: 1344.45
A29: 丹麦 | B29: 7 | C29: =广诚DHL运费!I3 -> 192.60 | D29: =广诚DHL运费!I4 -> 242.70 | E29: =广诚DHL运费!I5 -> 292.80 | F29: =广诚DHL运费!I6 -> 342.90 | G29: =广诚DHL运费!I7 -> 393.00 | H29: =广诚DHL运费!I8 -> 446.10 | I29: =广诚DHL运费!I9 -> 499.20 | J29: =广诚DHL运费!I10 -> 552.30 | K29: =广诚DHL运费!I11 -> 605.40 | L29: =广诚DHL运费!I12 -> 658.50 | M29: =广诚DHL运费!I13 -> 706.50 | N29: =广诚DHL运费!I14 -> 754.50 | O29: =广诚DHL运费!I15 -> 802.50 | P29: =广诚DHL运费!I16 -> 850.50 | Q29: =广诚DHL运费!I17 -> 898.50 | R29: =广诚DHL运费!I18 -> 946.50 | S29: =广诚DHL运费!I19 -> 994.50 | T29: =广诚DHL运费!I20 -> 1,042.50 | U29: =广诚DHL运费!I21 -> 1,090.50 | V29: =广诚DHL运费!I22 -> 1,138.50 | W29: =广诚DHL运费!I23 -> 1,181.10 | X29: =广诚DHL运费!I24 -> 1,223.70 | Y29: =广诚DHL运费!I25 -> 1,266.30 | Z29: =广诚DHL运费!I26 -> 1,308.90 | AA29: =广诚DHL运费!I27 -> 1,351.50 | AB29: =广诚DHL运费!I28 -> 1,394.10 | AC29: =广诚DHL运费!I29 -> 1,436.70 | AD29: =广诚DHL运费!I30 -> 1,479.30 | AE29: =广诚DHL运费!I31 -> 1,521.90 | AF29: =广诚DHL运费!I32 -> 1,564.50 | AG29: =广诚DHL运费!I33 -> 1,607.10 | AH29: =广诚DHL运费!I34 -> 1,649.70 | AI29: =广诚DHL运费!I35 -> 1,692.30 | AJ29: =广诚DHL运费!I36 -> 1,734.90 | AK29: =广诚DHL运费!I37 -> 1,777.50 | AL29: =广诚DHL运费!I38 -> 1,820.10 | AM29: =广诚DHL运费!I39 -> 1,862.70 | AN29: =广诚DHL运费!I40 -> 1,905.30 | AO29: =广诚DHL运费!I41 -> 1,947.90 | AP29: =广诚DHL运费!I42 -> 1,990.50 | AQ29: 968.25 | AR29: 988.05 | AS29: 1007.85 | AT29: 1027.65 | AU29: 1047.45 | AV29: 1067.25 | AW29: 1087.05 | AX29: 1106.85 | AY29: 1126.65 | AZ29: 1146.45 | BA29: 1166.25 | BB29: 1186.05 | BC29: 1205.85 | BD29: 1225.65 | BE29: 1245.45 | BF29: 1265.25 | BG29: 1285.05 | BH29: 1304.85 | BI29: 1324.65 | BJ29: 1344.45
A30: 爱沙尼亚 | B30: 7 | C30: =广诚DHL运费!I3 -> 192.60 | D30: =广诚DHL运费!I4 -> 242.70 | E30: =广诚DHL运费!I5 -> 292.80 | F30: =广诚DHL运费!I6 -> 342.90 | G30: =广诚DHL运费!I7 -> 393.00 | H30: =广诚DHL运费!I8 -> 446.10 | I30: =广诚DHL运费!I9 -> 499.20 | J30: =广诚DHL运费!I10 -> 552.30 | K30: =广诚DHL运费!I11 -> 605.40 | L30: =广诚DHL运费!I12 -> 658.50 | M30: =广诚DHL运费!I13 -> 706.50 | N30: =广诚DHL运费!I14 -> 754.50 | O30: =广诚DHL运费!I15 -> 802.50 | P30: =广诚DHL运费!I16 -> 850.50 | Q30: =广诚DHL运费!I17 -> 898.50 | R30: =广诚DHL运费!I18 -> 946.50 | S30: =广诚DHL运费!I19 -> 994.50 | T30: =广诚DHL运费!I20 -> 1,042.50 | U30: =广诚DHL运费!I21 -> 1,090.50 | V30: =广诚DHL运费!I22 -> 1,138.50 | W30: =广诚DHL运费!I23 -> 1,181.10 | X30: =广诚DHL运费!I24 -> 1,223.70 | Y30: =广诚DHL运费!I25 -> 1,266.30 | Z30: =广诚DHL运费!I26 -> 1,308.90 | AA30: =广诚DHL运费!I27 -> 1,351.50 | AB30: =广诚DHL运费!I28 -> 1,394.10 | AC30: =广诚DHL运费!I29 -> 1,436.70 | AD30: =广诚DHL运费!I30 -> 1,479.30 | AE30: =广诚DHL运费!I31 -> 1,521.90 | AF30: =广诚DHL运费!I32 -> 1,564.50 | AG30: =广诚DHL运费!I33 -> 1,607.10 | AH30: =广诚DHL运费!I34 -> 1,649.70 | AI30: =广诚DHL运费!I35 -> 1,692.30 | AJ30: =广诚DHL运费!I36 -> 1,734.90 | AK30: =广诚DHL运费!I37 -> 1,777.50 | AL30: =广诚DHL运费!I38 -> 1,820.10 | AM30: =广诚DHL运费!I39 -> 1,862.70 | AN30: =广诚DHL运费!I40 -> 1,905.30 | AO30: =广诚DHL运费!I41 -> 1,947.90 | AP30: =广诚DHL运费!I42 -> 1,990.50 | AQ30: 968.25 | AR30: 988.05 | AS30: 1007.85 | AT30: 1027.65 | AU30: 1047.45 | AV30: 1067.25 | AW30: 1087.05 | AX30: 1106.85 | AY30: 1126.65 | AZ30: 1146.45 | BA30: 1166.25 | BB30: 1186.05 | BC30: 1205.85 | BD30: 1225.65 | BE30: 1245.45 | BF30: 1265.25 | BG30: 1285.05 | BH30: 1304.85 | BI30: 1324.65 | BJ30: 1344.45
A31: 西班牙 | B31: 7 | C31: =广诚DHL运费!I3 -> 192.60 | D31: =广诚DHL运费!I4 -> 242.70 | E31: =广诚DHL运费!I5 -> 292.80 | F31: =广诚DHL运费!I6 -> 342.90 | G31: =广诚DHL运费!I7 -> 393.00 | H31: =广诚DHL运费!I8 -> 446.10 | I31: =广诚DHL运费!I9 -> 499.20 | J31: =广诚DHL运费!I10 -> 552.30 | K31: =广诚DHL运费!I11 -> 605.40 | L31: =广诚DHL运费!I12 -> 658.50 | M31: =广诚DHL运费!I13 -> 706.50 | N31: =广诚DHL运费!I14 -> 754.50 | O31: =广诚DHL运费!I15 -> 802.50 | P31: =广诚DHL运费!I16 -> 850.50 | Q31: =广诚DHL运费!I17 -> 898.50 | R31: =广诚DHL运费!I18 -> 946.50 | S31: =广诚DHL运费!I19 -> 994.50 | T31: =广诚DHL运费!I20 -> 1,042.50 | U31: =广诚DHL运费!I21 -> 1,090.50 | V31: =广诚DHL运费!I22 -> 1,138.50 | W31: =广诚DHL运费!I23 -> 1,181.10 | X31: =广诚DHL运费!I24 -> 1,223.70 | Y31: =广诚DHL运费!I25 -> 1,266.30 | Z31: =广诚DHL运费!I26 -> 1,308.90 | AA31: =广诚DHL运费!I27 -> 1,351.50 | AB31: =广诚DHL运费!I28 -> 1,394.10 | AC31: =广诚DHL运费!I29 -> 1,436.70 | AD31: =广诚DHL运费!I30 -> 1,479.30 | AE31: =广诚DHL运费!I31 -> 1,521.90 | AF31: =广诚DHL运费!I32 -> 1,564.50 | AG31: =广诚DHL运费!I33 -> 1,607.10 | AH31: =广诚DHL运费!I34 -> 1,649.70 | AI31: =广诚DHL运费!I35 -> 1,692.30 | AJ31: =广诚DHL运费!I36 -> 1,734.90 | AK31: =广诚DHL运费!I37 -> 1,777.50 | AL31: =广诚DHL运费!I38 -> 1,820.10 | AM31: =广诚DHL运费!I39 -> 1,862.70 | AN31: =广诚DHL运费!I40 -> 1,905.30 | AO31: =广诚DHL运费!I41 -> 1,947.90 | AP31: =广诚DHL运费!I42 -> 1,990.50 | AQ31: 968.25 | AR31: 988.05 | AS31: 1007.85 | AT31: 1027.65 | AU31: 1047.45 | AV31: 1067.25 | AW31: 1087.05 | AX31: 1106.85 | AY31: 1126.65 | AZ31: 1146.45 | BA31: 1166.25 | BB31: 1186.05 | BC31: 1205.85 | BD31: 1225.65 | BE31: 1245.45 | BF31: 1265.25 | BG31: 1285.05 | BH31: 1304.85 | BI31: 1324.65 | BJ31: 1344.45
A32: 芬兰 | B32: 7 | C32: =广诚DHL运费!I3 -> 192.60 | D32: =广诚DHL运费!I4 -> 242.70 | E32: =广诚DHL运费!I5 -> 292.80 | F32: =广诚DHL运费!I6 -> 342.90 | G32: =广诚DHL运费!I7 -> 393.00 | H32: =广诚DHL运费!I8 -> 446.10 | I32: =广诚DHL运费!I9 -> 499.20 | J32: =广诚DHL运费!I10 -> 552.30 | K32: =广诚DHL运费!I11 -> 605.40 | L32: =广诚DHL运费!I12 -> 658.50 | M32: =广诚DHL运费!I13 -> 706.50 | N32: =广诚DHL运费!I14 -> 754.50 | O32: =广诚DHL运费!I15 -> 802.50 | P32: =广诚DHL运费!I16 -> 850.50 | Q32: =广诚DHL运费!I17 -> 898.50 | R32: =广诚DHL运费!I18 -> 946.50 | S32: =广诚DHL运费!I19 -> 994.50 | T32: =广诚DHL运费!I20 -> 1,042.50 | U32: =广诚DHL运费!I21 -> 1,090.50 | V32: =广诚DHL运费!I22 -> 1,138.50 | W32: =广诚DHL运费!I23 -> 1,181.10 | X32: =广诚DHL运费!I24 -> 1,223.70 | Y32: =广诚DHL运费!I25 -> 1,266.30 | Z32: =广诚DHL运费!I26 -> 1,308.90 | AA32: =广诚DHL运费!I27 -> 1,351.50 | AB32: =广诚DHL运费!I28 -> 1,394.10 | AC32: =广诚DHL运费!I29 -> 1,436.70 | AD32: =广诚DHL运费!I30 -> 1,479.30 | AE32: =广诚DHL运费!I31 -> 1,521.90 | AF32: =广诚DHL运费!I32 -> 1,564.50 | AG32: =广诚DHL运费!I33 -> 1,607.10 | AH32: =广诚DHL运费!I34 -> 1,649.70 | AI32: =广诚DHL运费!I35 -> 1,692.30 | AJ32: =广诚DHL运费!I36 -> 1,734.90 | AK32: =广诚DHL运费!I37 -> 1,777.50 | AL32: =广诚DHL运费!I38 -> 1,820.10 | AM32: =广诚DHL运费!I39 -> 1,862.70 | AN32: =广诚DHL运费!I40 -> 1,905.30 | AO32: =广诚DHL运费!I41 -> 1,947.90 | AP32: =广诚DHL运费!I42 -> 1,990.50 | AQ32: 968.25 | AR32: 988.05 | AS32: 1007.85 | AT32: 1027.65 | AU32: 1047.45 | AV32: 1067.25 | AW32: 1087.05 | AX32: 1106.85 | AY32: 1126.65 | AZ32: 1146.45 | BA32: 1166.25 | BB32: 1186.05 | BC32: 1205.85 | BD32: 1225.65 | BE32: 1245.45 | BF32: 1265.25 | BG32: 1285.05 | BH32: 1304.85 | BI32: 1324.65 | BJ32: 1344.45
A33: 法国 | B33: 7 | C33: =广诚DHL运费!I3 -> 192.60 | D33: =广诚DHL运费!I4 -> 242.70 | E33: =广诚DHL运费!I5 -> 292.80 | F33: =广诚DHL运费!I6 -> 342.90 | G33: =广诚DHL运费!I7 -> 393.00 | H33: =广诚DHL运费!I8 -> 446.10 | I33: =广诚DHL运费!I9 -> 499.20 | J33: =广诚DHL运费!I10 -> 552.30 | K33: =广诚DHL运费!I11 -> 605.40 | L33: =广诚DHL运费!I12 -> 658.50 | M33: =广诚DHL运费!I13 -> 706.50 | N33: =广诚DHL运费!I14 -> 754.50 | O33: =广诚DHL运费!I15 -> 802.50 | P33: =广诚DHL运费!I16 -> 850.50 | Q33: =广诚DHL运费!I17 -> 898.50 | R33: =广诚DHL运费!I18 -> 946.50 | S33: =广诚DHL运费!I19 -> 994.50 | T33: =广诚DHL运费!I20 -> 1,042.50 | U33: =广诚DHL运费!I21 -> 1,090.50 | V33: =广诚DHL运费!I22 -> 1,138.50 | W33: =广诚DHL运费!I23 -> 1,181.10 | X33: =广诚DHL运费!I24 -> 1,223.70 | Y33: =广诚DHL运费!I25 -> 1,266.30 | Z33: =广诚DHL运费!I26 -> 1,308.90 | AA33: =广诚DHL运费!I27 -> 1,351.50 | AB33: =广诚DHL运费!I28 -> 1,394.10 | AC33: =广诚DHL运费!I29 -> 1,436.70 | AD33: =广诚DHL运费!I30 -> 1,479.30 | AE33: =广诚DHL运费!I31 -> 1,521.90 | AF33: =广诚DHL运费!I32 -> 1,564.50 | AG33: =广诚DHL运费!I33 -> 1,607.10 | AH33: =广诚DHL运费!I34 -> 1,649.70 | AI33: =广诚DHL运费!I35 -> 1,692.30 | AJ33: =广诚DHL运费!I36 -> 1,734.90 | AK33: =广诚DHL运费!I37 -> 1,777.50 | AL33: =广诚DHL运费!I38 -> 1,820.10 | AM33: =广诚DHL运费!I39 -> 1,862.70 | AN33: =广诚DHL运费!I40 -> 1,905.30 | AO33: =广诚DHL运费!I41 -> 1,947.90 | AP33: =广诚DHL运费!I42 -> 1,990.50 | AQ33: 968.25 | AR33: 988.05 | AS33: 1007.85 | AT33: 1027.65 | AU33: 1047.45 | AV33: 1067.25 | AW33: 1087.05 | AX33: 1106.85 | AY33: 1126.65 | AZ33: 1146.45 | BA33: 1166.25 | BB33: 1186.05 | BC33: 1205.85 | BD33: 1225.65 | BE33: 1245.45 | BF33: 1265.25 | BG33: 1285.05 | BH33: 1304.85 | BI33: 1324.65 | BJ33: 1344.45
A34: 英国 | B34: 7 | C34: =广诚DHL运费!I3 -> 192.60 | D34: =广诚DHL运费!I4 -> 242.70 | E34: =广诚DHL运费!I5 -> 292.80 | F34: =广诚DHL运费!I6 -> 342.90 | G34: =广诚DHL运费!I7 -> 393.00 | H34: =广诚DHL运费!I8 -> 446.10 | I34: =广诚DHL运费!I9 -> 499.20 | J34: =广诚DHL运费!I10 -> 552.30 | K34: =广诚DHL运费!I11 -> 605.40 | L34: =广诚DHL运费!I12 -> 658.50 | M34: =广诚DHL运费!I13 -> 706.50 | N34: =广诚DHL运费!I14 -> 754.50 | O34: =广诚DHL运费!I15 -> 802.50 | P34: =广诚DHL运费!I16 -> 850.50 | Q34: =广诚DHL运费!I17 -> 898.50 | R34: =广诚DHL运费!I18 -> 946.50 | S34: =广诚DHL运费!I19 -> 994.50 | T34: =广诚DHL运费!I20 -> 1,042.50 | U34: =广诚DHL运费!I21 -> 1,090.50 | V34: =广诚DHL运费!I22 -> 1,138.50 | W34: =广诚DHL运费!I23 -> 1,181.10 | X34: =广诚DHL运费!I24 -> 1,223.70 | Y34: =广诚DHL运费!I25 -> 1,266.30 | Z34: =广诚DHL运费!I26 -> 1,308.90 | AA34: =广诚DHL运费!I27 -> 1,351.50 | AB34: =广诚DHL运费!I28 -> 1,394.10 | AC34: =广诚DHL运费!I29 -> 1,436.70 | AD34: =广诚DHL运费!I30 -> 1,479.30 | AE34: =广诚DHL运费!I31 -> 1,521.90 | AF34: =广诚DHL运费!I32 -> 1,564.50 | AG34: =广诚DHL运费!I33 -> 1,607.10 | AH34: =广诚DHL运费!I34 -> 1,649.70 | AI34: =广诚DHL运费!I35 -> 1,692.30 | AJ34: =广诚DHL运费!I36 -> 1,734.90 | AK34: =广诚DHL运费!I37 -> 1,777.50 | AL34: =广诚DHL运费!I38 -> 1,820.10 | AM34: =广诚DHL运费!I39 -> 1,862.70 | AN34: =广诚DHL运费!I40 -> 1,905.30 | AO34: =广诚DHL运费!I41 -> 1,947.90 | AP34: =广诚DHL运费!I42 -> 1,990.50 | AQ34: 968.25 | AR34: 988.05 | AS34: 1007.85 | AT34: 1027.65 | AU34: 1047.45 | AV34: 1067.25 | AW34: 1087.05 | AX34: 1106.85 | AY34: 1126.65 | AZ34: 1146.45 | BA34: 1166.25 | BB34: 1186.05 | BC34: 1205.85 | BD34: 1225.65 | BE34: 1245.45 | BF34: 1265.25 | BG34: 1285.05 | BH34: 1304.85 | BI34: 1324.65 | BJ34: 1344.45
A35: 根西岛 | B35: 7 | C35: =广诚DHL运费!I3 -> 192.60 | D35: =广诚DHL运费!I4 -> 242.70 | E35: =广诚DHL运费!I5 -> 292.80 | F35: =广诚DHL运费!I6 -> 342.90 | G35: =广诚DHL运费!I7 -> 393.00 | H35: =广诚DHL运费!I8 -> 446.10 | I35: =广诚DHL运费!I9 -> 499.20 | J35: =广诚DHL运费!I10 -> 552.30 | K35: =广诚DHL运费!I11 -> 605.40 | L35: =广诚DHL运费!I12 -> 658.50 | M35: =广诚DHL运费!I13 -> 706.50 | N35: =广诚DHL运费!I14 -> 754.50 | O35: =广诚DHL运费!I15 -> 802.50 | P35: =广诚DHL运费!I16 -> 850.50 | Q35: =广诚DHL运费!I17 -> 898.50 | R35: =广诚DHL运费!I18 -> 946.50 | S35: =广诚DHL运费!I19 -> 994.50 | T35: =广诚DHL运费!I20 -> 1,042.50 | U35: =广诚DHL运费!I21 -> 1,090.50 | V35: =广诚DHL运费!I22 -> 1,138.50 | W35: =广诚DHL运费!I23 -> 1,181.10 | X35: =广诚DHL运费!I24 -> 1,223.70 | Y35: =广诚DHL运费!I25 -> 1,266.30 | Z35: =广诚DHL运费!I26 -> 1,308.90 | AA35: =广诚DHL运费!I27 -> 1,351.50 | AB35: =广诚DHL运费!I28 -> 1,394.10 | AC35: =广诚DHL运费!I29 -> 1,436.70 | AD35: =广诚DHL运费!I30 -> 1,479.30 | AE35: =广诚DHL运费!I31 -> 1,521.90 | AF35: =广诚DHL运费!I32 -> 1,564.50 | AG35: =广诚DHL运费!I33 -> 1,607.10 | AH35: =广诚DHL运费!I34 -> 1,649.70 | AI35: =广诚DHL运费!I35 -> 1,692.30 | AJ35: =广诚DHL运费!I36 -> 1,734.90 | AK35: =广诚DHL运费!I37 -> 1,777.50 | AL35: =广诚DHL运费!I38 -> 1,820.10 | AM35: =广诚DHL运费!I39 -> 1,862.70 | AN35: =广诚DHL运费!I40 -> 1,905.30 | AO35: =广诚DHL运费!I41 -> 1,947.90 | AP35: =广诚DHL运费!I42 -> 1,990.50 | AQ35: 968.25 | AR35: 988.05 | AS35: 1007.85 | AT35: 1027.65 | AU35: 1047.45 | AV35: 1067.25 | AW35: 1087.05 | AX35: 1106.85 | AY35: 1126.65 | AZ35: 1146.45 | BA35: 1166.25 | BB35: 1186.05 | BC35: 1205.85 | BD35: 1225.65 | BE35: 1245.45 | BF35: 1265.25 | BG35: 1285.05 | BH35: 1304.85 | BI35: 1324.65 | BJ35: 1344.45
A36: 直布罗陀 | B36: 7 | C36: =广诚DHL运费!I3 -> 192.60 | D36: =广诚DHL运费!I4 -> 242.70 | E36: =广诚DHL运费!I5 -> 292.80 | F36: =广诚DHL运费!I6 -> 342.90 | G36: =广诚DHL运费!I7 -> 393.00 | H36: =广诚DHL运费!I8 -> 446.10 | I36: =广诚DHL运费!I9 -> 499.20 | J36: =广诚DHL运费!I10 -> 552.30 | K36: =广诚DHL运费!I11 -> 605.40 | L36: =广诚DHL运费!I12 -> 658.50 | M36: =广诚DHL运费!I13 -> 706.50 | N36: =广诚DHL运费!I14 -> 754.50 | O36: =广诚DHL运费!I15 -> 802.50 | P36: =广诚DHL运费!I16 -> 850.50 | Q36: =广诚DHL运费!I17 -> 898.50 | R36: =广诚DHL运费!I18 -> 946.50 | S36: =广诚DHL运费!I19 -> 994.50 | T36: =广诚DHL运费!I20 -> 1,042.50 | U36: =广诚DHL运费!I21 -> 1,090.50 | V36: =广诚DHL运费!I22 -> 1,138.50 | W36: =广诚DHL运费!I23 -> 1,181.10 | X36: =广诚DHL运费!I24 -> 1,223.70 | Y36: =广诚DHL运费!I25 -> 1,266.30 | Z36: =广诚DHL运费!I26 -> 1,308.90 | AA36: =广诚DHL运费!I27 -> 1,351.50 | AB36: =广诚DHL运费!I28 -> 1,394.10 | AC36: =广诚DHL运费!I29 -> 1,436.70 | AD36: =广诚DHL运费!I30 -> 1,479.30 | AE36: =广诚DHL运费!I31 -> 1,521.90 | AF36: =广诚DHL运费!I32 -> 1,564.50 | AG36: =广诚DHL运费!I33 -> 1,607.10 | AH36: =广诚DHL运费!I34 -> 1,649.70 | AI36: =广诚DHL运费!I35 -> 1,692.30 | AJ36: =广诚DHL运费!I36 -> 1,734.90 | AK36: =广诚DHL运费!I37 -> 1,777.50 | AL36: =广诚DHL运费!I38 -> 1,820.10 | AM36: =广诚DHL运费!I39 -> 1,862.70 | AN36: =广诚DHL运费!I40 -> 1,905.30 | AO36: =广诚DHL运费!I41 -> 1,947.90 | AP36: =广诚DHL运费!I42 -> 1,990.50 | AQ36: 968.25 | AR36: 988.05 | AS36: 1007.85 | AT36: 1027.65 | AU36: 1047.45 | AV36: 1067.25 | AW36: 1087.05 | AX36: 1106.85 | AY36: 1126.65 | AZ36: 1146.45 | BA36: 1166.25 | BB36: 1186.05 | BC36: 1205.85 | BD36: 1225.65 | BE36: 1245.45 | BF36: 1265.25 | BG36: 1285.05 | BH36: 1304.85 | BI36: 1324.65 | BJ36: 1344.45
A37: 格陵兰岛 | B37: 7 | C37: =广诚DHL运费!I3 -> 192.60 | D37: =广诚DHL运费!I4 -> 242.70 | E37: =广诚DHL运费!I5 -> 292.80 | F37: =广诚DHL运费!I6 -> 342.90 | G37: =广诚DHL运费!I7 -> 393.00 | H37: =广诚DHL运费!I8 -> 446.10 | I37: =广诚DHL运费!I9 -> 499.20 | J37: =广诚DHL运费!I10 -> 552.30 | K37: =广诚DHL运费!I11 -> 605.40 | L37: =广诚DHL运费!I12 -> 658.50 | M37: =广诚DHL运费!I13 -> 706.50 | N37: =广诚DHL运费!I14 -> 754.50 | O37: =广诚DHL运费!I15 -> 802.50 | P37: =广诚DHL运费!I16 -> 850.50 | Q37: =广诚DHL运费!I17 -> 898.50 | R37: =广诚DHL运费!I18 -> 946.50 | S37: =广诚DHL运费!I19 -> 994.50 | T37: =广诚DHL运费!I20 -> 1,042.50 | U37: =广诚DHL运费!I21 -> 1,090.50 | V37: =广诚DHL运费!I22 -> 1,138.50 | W37: =广诚DHL运费!I23 -> 1,181.10 | X37: =广诚DHL运费!I24 -> 1,223.70 | Y37: =广诚DHL运费!I25 -> 1,266.30 | Z37: =广诚DHL运费!I26 -> 1,308.90 | AA37: =广诚DHL运费!I27 -> 1,351.50 | AB37: =广诚DHL运费!I28 -> 1,394.10 | AC37: =广诚DHL运费!I29 -> 1,436.70 | AD37: =广诚DHL运费!I30 -> 1,479.30 | AE37: =广诚DHL运费!I31 -> 1,521.90 | AF37: =广诚DHL运费!I32 -> 1,564.50 | AG37: =广诚DHL运费!I33 -> 1,607.10 | AH37: =广诚DHL运费!I34 -> 1,649.70 | AI37: =广诚DHL运费!I35 -> 1,692.30 | AJ37: =广诚DHL运费!I36 -> 1,734.90 | AK37: =广诚DHL运费!I37 -> 1,777.50 | AL37: =广诚DHL运费!I38 -> 1,820.10 | AM37: =广诚DHL运费!I39 -> 1,862.70 | AN37: =广诚DHL运费!I40 -> 1,905.30 | AO37: =广诚DHL运费!I41 -> 1,947.90 | AP37: =广诚DHL运费!I42 -> 1,990.50 | AQ37: 968.25 | AR37: 988.05 | AS37: 1007.85 | AT37: 1027.65 | AU37: 1047.45 | AV37: 1067.25 | AW37: 1087.05 | AX37: 1106.85 | AY37: 1126.65 | AZ37: 1146.45 | BA37: 1166.25 | BB37: 1186.05 | BC37: 1205.85 | BD37: 1225.65 | BE37: 1245.45 | BF37: 1265.25 | BG37: 1285.05 | BH37: 1304.85 | BI37: 1324.65 | BJ37: 1344.45
A38: 希腊 | B38: 7 | C38: =广诚DHL运费!I3 -> 192.60 | D38: =广诚DHL运费!I4 -> 242.70 | E38: =广诚DHL运费!I5 -> 292.80 | F38: =广诚DHL运费!I6 -> 342.90 | G38: =广诚DHL运费!I7 -> 393.00 | H38: =广诚DHL运费!I8 -> 446.10 | I38: =广诚DHL运费!I9 -> 499.20 | J38: =广诚DHL运费!I10 -> 552.30 | K38: =广诚DHL运费!I11 -> 605.40 | L38: =广诚DHL运费!I12 -> 658.50 | M38: =广诚DHL运费!I13 -> 706.50 | N38: =广诚DHL运费!I14 -> 754.50 | O38: =广诚DHL运费!I15 -> 802.50 | P38: =广诚DHL运费!I16 -> 850.50 | Q38: =广诚DHL运费!I17 -> 898.50 | R38: =广诚DHL运费!I18 -> 946.50 | S38: =广诚DHL运费!I19 -> 994.50 | T38: =广诚DHL运费!I20 -> 1,042.50 | U38: =广诚DHL运费!I21 -> 1,090.50 | V38: =广诚DHL运费!I22 -> 1,138.50 | W38: =广诚DHL运费!I23 -> 1,181.10 | X38: =广诚DHL运费!I24 -> 1,223.70 | Y38: =广诚DHL运费!I25 -> 1,266.30 | Z38: =广诚DHL运费!I26 -> 1,308.90 | AA38: =广诚DHL运费!I27 -> 1,351.50 | AB38: =广诚DHL运费!I28 -> 1,394.10 | AC38: =广诚DHL运费!I29 -> 1,436.70 | AD38: =广诚DHL运费!I30 -> 1,479.30 | AE38: =广诚DHL运费!I31 -> 1,521.90 | AF38: =广诚DHL运费!I32 -> 1,564.50 | AG38: =广诚DHL运费!I33 -> 1,607.10 | AH38: =广诚DHL运费!I34 -> 1,649.70 | AI38: =广诚DHL运费!I35 -> 1,692.30 | AJ38: =广诚DHL运费!I36 -> 1,734.90 | AK38: =广诚DHL运费!I37 -> 1,777.50 | AL38: =广诚DHL运费!I38 -> 1,820.10 | AM38: =广诚DHL运费!I39 -> 1,862.70 | AN38: =广诚DHL运费!I40 -> 1,905.30 | AO38: =广诚DHL运费!I41 -> 1,947.90 | AP38: =广诚DHL运费!I42 -> 1,990.50 | AQ38: 968.25 | AR38: 988.05 | AS38: 1007.85 | AT38: 1027.65 | AU38: 1047.45 | AV38: 1067.25 | AW38: 1087.05 | AX38: 1106.85 | AY38: 1126.65 | AZ38: 1146.45 | BA38: 1166.25 | BB38: 1186.05 | BC38: 1205.85 | BD38: 1225.65 | BE38: 1245.45 | BF38: 1265.25 | BG38: 1285.05 | BH38: 1304.85 | BI38: 1324.65 | BJ38: 1344.45
A39: 克罗地亚 | B39: 7 | C39: =广诚DHL运费!I3 -> 192.60 | D39: =广诚DHL运费!I4 -> 242.70 | E39: =广诚DHL运费!I5 -> 292.80 | F39: =广诚DHL运费!I6 -> 342.90 | G39: =广诚DHL运费!I7 -> 393.00 | H39: =广诚DHL运费!I8 -> 446.10 | I39: =广诚DHL运费!I9 -> 499.20 | J39: =广诚DHL运费!I10 -> 552.30 | K39: =广诚DHL运费!I11 -> 605.40 | L39: =广诚DHL运费!I12 -> 658.50 | M39: =广诚DHL运费!I13 -> 706.50 | N39: =广诚DHL运费!I14 -> 754.50 | O39: =广诚DHL运费!I15 -> 802.50 | P39: =广诚DHL运费!I16 -> 850.50 | Q39: =广诚DHL运费!I17 -> 898.50 | R39: =广诚DHL运费!I18 -> 946.50 | S39: =广诚DHL运费!I19 -> 994.50 | T39: =广诚DHL运费!I20 -> 1,042.50 | U39: =广诚DHL运费!I21 -> 1,090.50 | V39: =广诚DHL运费!I22 -> 1,138.50 | W39: =广诚DHL运费!I23 -> 1,181.10 | X39: =广诚DHL运费!I24 -> 1,223.70 | Y39: =广诚DHL运费!I25 -> 1,266.30 | Z39: =广诚DHL运费!I26 -> 1,308.90 | AA39: =广诚DHL运费!I27 -> 1,351.50 | AB39: =广诚DHL运费!I28 -> 1,394.10 | AC39: =广诚DHL运费!I29 -> 1,436.70 | AD39: =广诚DHL运费!I30 -> 1,479.30 | AE39: =广诚DHL运费!I31 -> 1,521.90 | AF39: =广诚DHL运费!I32 -> 1,564.50 | AG39: =广诚DHL运费!I33 -> 1,607.10 | AH39: =广诚DHL运费!I34 -> 1,649.70 | AI39: =广诚DHL运费!I35 -> 1,692.30 | AJ39: =广诚DHL运费!I36 -> 1,734.90 | AK39: =广诚DHL运费!I37 -> 1,777.50 | AL39: =广诚DHL运费!I38 -> 1,820.10 | AM39: =广诚DHL运费!I39 -> 1,862.70 | AN39: =广诚DHL运费!I40 -> 1,905.30 | AO39: =广诚DHL运费!I41 -> 1,947.90 | AP39: =广诚DHL运费!I42 -> 1,990.50 | AQ39: 968.25 | AR39: 988.05 | AS39: 1007.85 | AT39: 1027.65 | AU39: 1047.45 | AV39: 1067.25 | AW39: 1087.05 | AX39: 1106.85 | AY39: 1126.65 | AZ39: 1146.45 | BA39: 1166.25 | BB39: 1186.05 | BC39: 1205.85 | BD39: 1225.65 | BE39: 1245.45 | BF39: 1265.25 | BG39: 1285.05 | BH39: 1304.85 | BI39: 1324.65 | BJ39: 1344.45
A40: 匈牙利 | B40: 7 | C40: =广诚DHL运费!I3 -> 192.60 | D40: =广诚DHL运费!I4 -> 242.70 | E40: =广诚DHL运费!I5 -> 292.80 | F40: =广诚DHL运费!I6 -> 342.90 | G40: =广诚DHL运费!I7 -> 393.00 | H40: =广诚DHL运费!I8 -> 446.10 | I40: =广诚DHL运费!I9 -> 499.20 | J40: =广诚DHL运费!I10 -> 552.30 | K40: =广诚DHL运费!I11 -> 605.40 | L40: =广诚DHL运费!I12 -> 658.50 | M40: =广诚DHL运费!I13 -> 706.50 | N40: =广诚DHL运费!I14 -> 754.50 | O40: =广诚DHL运费!I15 -> 802.50 | P40: =广诚DHL运费!I16 -> 850.50 | Q40: =广诚DHL运费!I17 -> 898.50 | R40: =广诚DHL运费!I18 -> 946.50 | S40: =广诚DHL运费!I19 -> 994.50 | T40: =广诚DHL运费!I20 -> 1,042.50 | U40: =广诚DHL运费!I21 -> 1,090.50 | V40: =广诚DHL运费!I22 -> 1,138.50 | W40: =广诚DHL运费!I23 -> 1,181.10 | X40: =广诚DHL运费!I24 -> 1,223.70 | Y40: =广诚DHL运费!I25 -> 1,266.30 | Z40: =广诚DHL运费!I26 -> 1,308.90 | AA40: =广诚DHL运费!I27 -> 1,351.50 | AB40: =广诚DHL运费!I28 -> 1,394.10 | AC40: =广诚DHL运费!I29 -> 1,436.70 | AD40: =广诚DHL运费!I30 -> 1,479.30 | AE40: =广诚DHL运费!I31 -> 1,521.90 | AF40: =广诚DHL运费!I32 -> 1,564.50 | AG40: =广诚DHL运费!I33 -> 1,607.10 | AH40: =广诚DHL运费!I34 -> 1,649.70 | AI40: =广诚DHL运费!I35 -> 1,692.30 | AJ40: =广诚DHL运费!I36 -> 1,734.90 | AK40: =广诚DHL运费!I37 -> 1,777.50 | AL40: =广诚DHL运费!I38 -> 1,820.10 | AM40: =广诚DHL运费!I39 -> 1,862.70 | AN40: =广诚DHL运费!I40 -> 1,905.30 | AO40: =广诚DHL运费!I41 -> 1,947.90 | AP40: =广诚DHL运费!I42 -> 1,990.50 | AQ40: 968.25 | AR40: 988.05 | AS40: 1007.85 | AT40: 1027.65 | AU40: 1047.45 | AV40: 1067.25 | AW40: 1087.05 | AX40: 1106.85 | AY40: 1126.65 | AZ40: 1146.45 | BA40: 1166.25 | BB40: 1186.05 | BC40: 1205.85 | BD40: 1225.65 | BE40: 1245.45 | BF40: 1265.25 | BG40: 1285.05 | BH40: 1304.85 | BI40: 1324.65 | BJ40: 1344.45
A41: 加那利群岛 | B41: 7 | C41: =广诚DHL运费!I3 -> 192.60 | D41: =广诚DHL运费!I4 -> 242.70 | E41: =广诚DHL运费!I5 -> 292.80 | F41: =广诚DHL运费!I6 -> 342.90 | G41: =广诚DHL运费!I7 -> 393.00 | H41: =广诚DHL运费!I8 -> 446.10 | I41: =广诚DHL运费!I9 -> 499.20 | J41: =广诚DHL运费!I10 -> 552.30 | K41: =广诚DHL运费!I11 -> 605.40 | L41: =广诚DHL运费!I12 -> 658.50 | M41: =广诚DHL运费!I13 -> 706.50 | N41: =广诚DHL运费!I14 -> 754.50 | O41: =广诚DHL运费!I15 -> 802.50 | P41: =广诚DHL运费!I16 -> 850.50 | Q41: =广诚DHL运费!I17 -> 898.50 | R41: =广诚DHL运费!I18 -> 946.50 | S41: =广诚DHL运费!I19 -> 994.50 | T41: =广诚DHL运费!I20 -> 1,042.50 | U41: =广诚DHL运费!I21 -> 1,090.50 | V41: =广诚DHL运费!I22 -> 1,138.50 | W41: =广诚DHL运费!I23 -> 1,181.10 | X41: =广诚DHL运费!I24 -> 1,223.70 | Y41: =广诚DHL运费!I25 -> 1,266.30 | Z41: =广诚DHL运费!I26 -> 1,308.90 | AA41: =广诚DHL运费!I27 -> 1,351.50 | AB41: =广诚DHL运费!I28 -> 1,394.10 | AC41: =广诚DHL运费!I29 -> 1,436.70 | AD41: =广诚DHL运费!I30 -> 1,479.30 | AE41: =广诚DHL运费!I31 -> 1,521.90 | AF41: =广诚DHL运费!I32 -> 1,564.50 | AG41: =广诚DHL运费!I33 -> 1,607.10 | AH41: =广诚DHL运费!I34 -> 1,649.70 | AI41: =广诚DHL运费!I35 -> 1,692.30 | AJ41: =广诚DHL运费!I36 -> 1,734.90 | AK41: =广诚DHL运费!I37 -> 1,777.50 | AL41: =广诚DHL运费!I38 -> 1,820.10 | AM41: =广诚DHL运费!I39 -> 1,862.70 | AN41: =广诚DHL运费!I40 -> 1,905.30 | AO41: =广诚DHL运费!I41 -> 1,947.90 | AP41: =广诚DHL运费!I42 -> 1,990.50 | AQ41: 968.25 | AR41: 988.05 | AS41: 1007.85 | AT41: 1027.65 | AU41: 1047.45 | AV41: 1067.25 | AW41: 1087.05 | AX41: 1106.85 | AY41: 1126.65 | AZ41: 1146.45 | BA41: 1166.25 | BB41: 1186.05 | BC41: 1205.85 | BD41: 1225.65 | BE41: 1245.45 | BF41: 1265.25 | BG41: 1285.05 | BH41: 1304.85 | BI41: 1324.65 | BJ41: 1344.45
A42: 爱尔兰 | B42: 7 | C42: =广诚DHL运费!I3 -> 192.60 | D42: =广诚DHL运费!I4 -> 242.70 | E42: =广诚DHL运费!I5 -> 292.80 | F42: =广诚DHL运费!I6 -> 342.90 | G42: =广诚DHL运费!I7 -> 393.00 | H42: =广诚DHL运费!I8 -> 446.10 | I42: =广诚DHL运费!I9 -> 499.20 | J42: =广诚DHL运费!I10 -> 552.30 | K42: =广诚DHL运费!I11 -> 605.40 | L42: =广诚DHL运费!I12 -> 658.50 | M42: =广诚DHL运费!I13 -> 706.50 | N42: =广诚DHL运费!I14 -> 754.50 | O42: =广诚DHL运费!I15 -> 802.50 | P42: =广诚DHL运费!I16 -> 850.50 | Q42: =广诚DHL运费!I17 -> 898.50 | R42: =广诚DHL运费!I18 -> 946.50 | S42: =广诚DHL运费!I19 -> 994.50 | T42: =广诚DHL运费!I20 -> 1,042.50 | U42: =广诚DHL运费!I21 -> 1,090.50 | V42: =广诚DHL运费!I22 -> 1,138.50 | W42: =广诚DHL运费!I23 -> 1,181.10 | X42: =广诚DHL运费!I24 -> 1,223.70 | Y42: =广诚DHL运费!I25 -> 1,266.30 | Z42: =广诚DHL运费!I26 -> 1,308.90 | AA42: =广诚DHL运费!I27 -> 1,351.50 | AB42: =广诚DHL运费!I28 -> 1,394.10 | AC42: =广诚DHL运费!I29 -> 1,436.70 | AD42: =广诚DHL运费!I30 -> 1,479.30 | AE42: =广诚DHL运费!I31 -> 1,521.90 | AF42: =广诚DHL运费!I32 -> 1,564.50 | AG42: =广诚DHL运费!I33 -> 1,607.10 | AH42: =广诚DHL运费!I34 -> 1,649.70 | AI42: =广诚DHL运费!I35 -> 1,692.30 | AJ42: =广诚DHL运费!I36 -> 1,734.90 | AK42: =广诚DHL运费!I37 -> 1,777.50 | AL42: =广诚DHL运费!I38 -> 1,820.10 | AM42: =广诚DHL运费!I39 -> 1,862.70 | AN42: =广诚DHL运费!I40 -> 1,905.30 | AO42: =广诚DHL运费!I41 -> 1,947.90 | AP42: =广诚DHL运费!I42 -> 1,990.50 | AQ42: 968.25 | AR42: 988.05 | AS42: 1007.85 | AT42: 1027.65 | AU42: 1047.45 | AV42: 1067.25 | AW42: 1087.05 | AX42: 1106.85 | AY42: 1126.65 | AZ42: 1146.45 | BA42: 1166.25 | BB42: 1186.05 | BC42: 1205.85 | BD42: 1225.65 | BE42: 1245.45 | BF42: 1265.25 | BG42: 1285.05 | BH42: 1304.85 | BI42: 1324.65 | BJ42: 1344.45
A43: 印度 | B43: 7 | C43: =广诚DHL运费!I3 -> 192.60 | D43: =广诚DHL运费!I4 -> 242.70 | E43: =广诚DHL运费!I5 -> 292.80 | F43: =广诚DHL运费!I6 -> 342.90 | G43: =广诚DHL运费!I7 -> 393.00 | H43: =广诚DHL运费!I8 -> 446.10 | I43: =广诚DHL运费!I9 -> 499.20 | J43: =广诚DHL运费!I10 -> 552.30 | K43: =广诚DHL运费!I11 -> 605.40 | L43: =广诚DHL运费!I12 -> 658.50 | M43: =广诚DHL运费!I13 -> 706.50 | N43: =广诚DHL运费!I14 -> 754.50 | O43: =广诚DHL运费!I15 -> 802.50 | P43: =广诚DHL运费!I16 -> 850.50 | Q43: =广诚DHL运费!I17 -> 898.50 | R43: =广诚DHL运费!I18 -> 946.50 | S43: =广诚DHL运费!I19 -> 994.50 | T43: =广诚DHL运费!I20 -> 1,042.50 | U43: =广诚DHL运费!I21 -> 1,090.50 | V43: =广诚DHL运费!I22 -> 1,138.50 | W43: =广诚DHL运费!I23 -> 1,181.10 | X43: =广诚DHL运费!I24 -> 1,223.70 | Y43: =广诚DHL运费!I25 -> 1,266.30 | Z43: =广诚DHL运费!I26 -> 1,308.90 | AA43: =广诚DHL运费!I27 -> 1,351.50 | AB43: =广诚DHL运费!I28 -> 1,394.10 | AC43: =广诚DHL运费!I29 -> 1,436.70 | AD43: =广诚DHL运费!I30 -> 1,479.30 | AE43: =广诚DHL运费!I31 -> 1,521.90 | AF43: =广诚DHL运费!I32 -> 1,564.50 | AG43: =广诚DHL运费!I33 -> 1,607.10 | AH43: =广诚DHL运费!I34 -> 1,649.70 | AI43: =广诚DHL运费!I35 -> 1,692.30 | AJ43: =广诚DHL运费!I36 -> 1,734.90 | AK43: =广诚DHL运费!I37 -> 1,777.50 | AL43: =广诚DHL运费!I38 -> 1,820.10 | AM43: =广诚DHL运费!I39 -> 1,862.70 | AN43: =广诚DHL运费!I40 -> 1,905.30 | AO43: =广诚DHL运费!I41 -> 1,947.90 | AP43: =广诚DHL运费!I42 -> 1,990.50 | AQ43: 968.25 | AR43: 988.05 | AS43: 1007.85 | AT43: 1027.65 | AU43: 1047.45 | AV43: 1067.25 | AW43: 1087.05 | AX43: 1106.85 | AY43: 1126.65 | AZ43: 1146.45 | BA43: 1166.25 | BB43: 1186.05 | BC43: 1205.85 | BD43: 1225.65 | BE43: 1245.45 | BF43: 1265.25 | BG43: 1285.05 | BH43: 1304.85 | BI43: 1324.65 | BJ43: 1344.45
A44: 冰岛 | B44: 7 | C44: =广诚DHL运费!I3 -> 192.60 | D44: =广诚DHL运费!I4 -> 242.70 | E44: =广诚DHL运费!I5 -> 292.80 | F44: =广诚DHL运费!I6 -> 342.90 | G44: =广诚DHL运费!I7 -> 393.00 | H44: =广诚DHL运费!I8 -> 446.10 | I44: =广诚DHL运费!I9 -> 499.20 | J44: =广诚DHL运费!I10 -> 552.30 | K44: =广诚DHL运费!I11 -> 605.40 | L44: =广诚DHL运费!I12 -> 658.50 | M44: =广诚DHL运费!I13 -> 706.50 | N44: =广诚DHL运费!I14 -> 754.50 | O44: =广诚DHL运费!I15 -> 802.50 | P44: =广诚DHL运费!I16 -> 850.50 | Q44: =广诚DHL运费!I17 -> 898.50 | R44: =广诚DHL运费!I18 -> 946.50 | S44: =广诚DHL运费!I19 -> 994.50 | T44: =广诚DHL运费!I20 -> 1,042.50 | U44: =广诚DHL运费!I21 -> 1,090.50 | V44: =广诚DHL运费!I22 -> 1,138.50 | W44: =广诚DHL运费!I23 -> 1,181.10 | X44: =广诚DHL运费!I24 -> 1,223.70 | Y44: =广诚DHL运费!I25 -> 1,266.30 | Z44: =广诚DHL运费!I26 -> 1,308.90 | AA44: =广诚DHL运费!I27 -> 1,351.50 | AB44: =广诚DHL运费!I28 -> 1,394.10 | AC44: =广诚DHL运费!I29 -> 1,436.70 | AD44: =广诚DHL运费!I30 -> 1,479.30 | AE44: =广诚DHL运费!I31 -> 1,521.90 | AF44: =广诚DHL运费!I32 -> 1,564.50 | AG44: =广诚DHL运费!I33 -> 1,607.10 | AH44: =广诚DHL运费!I34 -> 1,649.70 | AI44: =广诚DHL运费!I35 -> 1,692.30 | AJ44: =广诚DHL运费!I36 -> 1,734.90 | AK44: =广诚DHL运费!I37 -> 1,777.50 | AL44: =广诚DHL运费!I38 -> 1,820.10 | AM44: =广诚DHL运费!I39 -> 1,862.70 | AN44: =广诚DHL运费!I40 -> 1,905.30 | AO44: =广诚DHL运费!I41 -> 1,947.90 | AP44: =广诚DHL运费!I42 -> 1,990.50 | AQ44: 968.25 | AR44: 988.05 | AS44: 1007.85 | AT44: 1027.65 | AU44: 1047.45 | AV44: 1067.25 | AW44: 1087.05 | AX44: 1106.85 | AY44: 1126.65 | AZ44: 1146.45 | BA44: 1166.25 | BB44: 1186.05 | BC44: 1205.85 | BD44: 1225.65 | BE44: 1245.45 | BF44: 1265.25 | BG44: 1285.05 | BH44: 1304.85 | BI44: 1324.65 | BJ44: 1344.45
A45: 意大利 | B45: 7 | C45: =广诚DHL运费!I3 -> 192.60 | D45: =广诚DHL运费!I4 -> 242.70 | E45: =广诚DHL运费!I5 -> 292.80 | F45: =广诚DHL运费!I6 -> 342.90 | G45: =广诚DHL运费!I7 -> 393.00 | H45: =广诚DHL运费!I8 -> 446.10 | I45: =广诚DHL运费!I9 -> 499.20 | J45: =广诚DHL运费!I10 -> 552.30 | K45: =广诚DHL运费!I11 -> 605.40 | L45: =广诚DHL运费!I12 -> 658.50 | M45: =广诚DHL运费!I13 -> 706.50 | N45: =广诚DHL运费!I14 -> 754.50 | O45: =广诚DHL运费!I15 -> 802.50 | P45: =广诚DHL运费!I16 -> 850.50 | Q45: =广诚DHL运费!I17 -> 898.50 | R45: =广诚DHL运费!I18 -> 946.50 | S45: =广诚DHL运费!I19 -> 994.50 | T45: =广诚DHL运费!I20 -> 1,042.50 | U45: =广诚DHL运费!I21 -> 1,090.50 | V45: =广诚DHL运费!I22 -> 1,138.50 | W45: =广诚DHL运费!I23 -> 1,181.10 | X45: =广诚DHL运费!I24 -> 1,223.70 | Y45: =广诚DHL运费!I25 -> 1,266.30 | Z45: =广诚DHL运费!I26 -> 1,308.90 | AA45: =广诚DHL运费!I27 -> 1,351.50 | AB45: =广诚DHL运费!I28 -> 1,394.10 | AC45: =广诚DHL运费!I29 -> 1,436.70 | AD45: =广诚DHL运费!I30 -> 1,479.30 | AE45: =广诚DHL运费!I31 -> 1,521.90 | AF45: =广诚DHL运费!I32 -> 1,564.50 | AG45: =广诚DHL运费!I33 -> 1,607.10 | AH45: =广诚DHL运费!I34 -> 1,649.70 | AI45: =广诚DHL运费!I35 -> 1,692.30 | AJ45: =广诚DHL运费!I36 -> 1,734.90 | AK45: =广诚DHL运费!I37 -> 1,777.50 | AL45: =广诚DHL运费!I38 -> 1,820.10 | AM45: =广诚DHL运费!I39 -> 1,862.70 | AN45: =广诚DHL运费!I40 -> 1,905.30 | AO45: =广诚DHL运费!I41 -> 1,947.90 | AP45: =广诚DHL运费!I42 -> 1,990.50 | AQ45: 968.25 | AR45: 988.05 | AS45: 1007.85 | AT45: 1027.65 | AU45: 1047.45 | AV45: 1067.25 | AW45: 1087.05 | AX45: 1106.85 | AY45: 1126.65 | AZ45: 1146.45 | BA45: 1166.25 | BB45: 1186.05 | BC45: 1205.85 | BD45: 1225.65 | BE45: 1245.45 | BF45: 1265.25 | BG45: 1285.05 | BH45: 1304.85 | BI45: 1324.65 | BJ45: 1344.45
A46: 泽西岛 | B46: 7 | C46: =广诚DHL运费!I3 -> 192.60 | D46: =广诚DHL运费!I4 -> 242.70 | E46: =广诚DHL运费!I5 -> 292.80 | F46: =广诚DHL运费!I6 -> 342.90 | G46: =广诚DHL运费!I7 -> 393.00 | H46: =广诚DHL运费!I8 -> 446.10 | I46: =广诚DHL运费!I9 -> 499.20 | J46: =广诚DHL运费!I10 -> 552.30 | K46: =广诚DHL运费!I11 -> 605.40 | L46: =广诚DHL运费!I12 -> 658.50 | M46: =广诚DHL运费!I13 -> 706.50 | N46: =广诚DHL运费!I14 -> 754.50 | O46: =广诚DHL运费!I15 -> 802.50 | P46: =广诚DHL运费!I16 -> 850.50 | Q46: =广诚DHL运费!I17 -> 898.50 | R46: =广诚DHL运费!I18 -> 946.50 | S46: =广诚DHL运费!I19 -> 994.50 | T46: =广诚DHL运费!I20 -> 1,042.50 | U46: =广诚DHL运费!I21 -> 1,090.50 | V46: =广诚DHL运费!I22 -> 1,138.50 | W46: =广诚DHL运费!I23 -> 1,181.10 | X46: =广诚DHL运费!I24 -> 1,223.70 | Y46: =广诚DHL运费!I25 -> 1,266.30 | Z46: =广诚DHL运费!I26 -> 1,308.90 | AA46: =广诚DHL运费!I27 -> 1,351.50 | AB46: =广诚DHL运费!I28 -> 1,394.10 | AC46: =广诚DHL运费!I29 -> 1,436.70 | AD46: =广诚DHL运费!I30 -> 1,479.30 | AE46: =广诚DHL运费!I31 -> 1,521.90 | AF46: =广诚DHL运费!I32 -> 1,564.50 | AG46: =广诚DHL运费!I33 -> 1,607.10 | AH46: =广诚DHL运费!I34 -> 1,649.70 | AI46: =广诚DHL运费!I35 -> 1,692.30 | AJ46: =广诚DHL运费!I36 -> 1,734.90 | AK46: =广诚DHL运费!I37 -> 1,777.50 | AL46: =广诚DHL运费!I38 -> 1,820.10 | AM46: =广诚DHL运费!I39 -> 1,862.70 | AN46: =广诚DHL运费!I40 -> 1,905.30 | AO46: =广诚DHL运费!I41 -> 1,947.90 | AP46: =广诚DHL运费!I42 -> 1,990.50 | AQ46: 968.25 | AR46: 988.05 | AS46: 1007.85 | AT46: 1027.65 | AU46: 1047.45 | AV46: 1067.25 | AW46: 1087.05 | AX46: 1106.85 | AY46: 1126.65 | AZ46: 1146.45 | BA46: 1166.25 | BB46: 1186.05 | BC46: 1205.85 | BD46: 1225.65 | BE46: 1245.45 | BF46: 1265.25 | BG46: 1285.05 | BH46: 1304.85 | BI46: 1324.65 | BJ46: 1344.45
A47: 列支敦士登 | B47: 7 | C47: =广诚DHL运费!I3 -> 192.60 | D47: =广诚DHL运费!I4 -> 242.70 | E47: =广诚DHL运费!I5 -> 292.80 | F47: =广诚DHL运费!I6 -> 342.90 | G47: =广诚DHL运费!I7 -> 393.00 | H47: =广诚DHL运费!I8 -> 446.10 | I47: =广诚DHL运费!I9 -> 499.20 | J47: =广诚DHL运费!I10 -> 552.30 | K47: =广诚DHL运费!I11 -> 605.40 | L47: =广诚DHL运费!I12 -> 658.50 | M47: =广诚DHL运费!I13 -> 706.50 | N47: =广诚DHL运费!I14 -> 754.50 | O47: =广诚DHL运费!I15 -> 802.50 | P47: =广诚DHL运费!I16 -> 850.50 | Q47: =广诚DHL运费!I17 -> 898.50 | R47: =广诚DHL运费!I18 -> 946.50 | S47: =广诚DHL运费!I19 -> 994.50 | T47: =广诚DHL运费!I20 -> 1,042.50 | U47: =广诚DHL运费!I21 -> 1,090.50 | V47: =广诚DHL运费!I22 -> 1,138.50 | W47: =广诚DHL运费!I23 -> 1,181.10 | X47: =广诚DHL运费!I24 -> 1,223.70 | Y47: =广诚DHL运费!I25 -> 1,266.30 | Z47: =广诚DHL运费!I26 -> 1,308.90 | AA47: =广诚DHL运费!I27 -> 1,351.50 | AB47: =广诚DHL运费!I28 -> 1,394.10 | AC47: =广诚DHL运费!I29 -> 1,436.70 | AD47: =广诚DHL运费!I30 -> 1,479.30 | AE47: =广诚DHL运费!I31 -> 1,521.90 | AF47: =广诚DHL运费!I32 -> 1,564.50 | AG47: =广诚DHL运费!I33 -> 1,607.10 | AH47: =广诚DHL运费!I34 -> 1,649.70 | AI47: =广诚DHL运费!I35 -> 1,692.30 | AJ47: =广诚DHL运费!I36 -> 1,734.90 | AK47: =广诚DHL运费!I37 -> 1,777.50 | AL47: =广诚DHL运费!I38 -> 1,820.10 | AM47: =广诚DHL运费!I39 -> 1,862.70 | AN47: =广诚DHL运费!I40 -> 1,905.30 | AO47: =广诚DHL运费!I41 -> 1,947.90 | AP47: =广诚DHL运费!I42 -> 1,990.50 | AQ47: 968.25 | AR47: 988.05 | AS47: 1007.85 | AT47: 1027.65 | AU47: 1047.45 | AV47: 1067.25 | AW47: 1087.05 | AX47: 1106.85 | AY47: 1126.65 | AZ47: 1146.45 | BA47: 1166.25 | BB47: 1186.05 | BC47: 1205.85 | BD47: 1225.65 | BE47: 1245.45 | BF47: 1265.25 | BG47: 1285.05 | BH47: 1304.85 | BI47: 1324.65 | BJ47: 1344.45
A48: 立陶宛 | B48: 7 | C48: =广诚DHL运费!I3 -> 192.60 | D48: =广诚DHL运费!I4 -> 242.70 | E48: =广诚DHL运费!I5 -> 292.80 | F48: =广诚DHL运费!I6 -> 342.90 | G48: =广诚DHL运费!I7 -> 393.00 | H48: =广诚DHL运费!I8 -> 446.10 | I48: =广诚DHL运费!I9 -> 499.20 | J48: =广诚DHL运费!I10 -> 552.30 | K48: =广诚DHL运费!I11 -> 605.40 | L48: =广诚DHL运费!I12 -> 658.50 | M48: =广诚DHL运费!I13 -> 706.50 | N48: =广诚DHL运费!I14 -> 754.50 | O48: =广诚DHL运费!I15 -> 802.50 | P48: =广诚DHL运费!I16 -> 850.50 | Q48: =广诚DHL运费!I17 -> 898.50 | R48: =广诚DHL运费!I18 -> 946.50 | S48: =广诚DHL运费!I19 -> 994.50 | T48: =广诚DHL运费!I20 -> 1,042.50 | U48: =广诚DHL运费!I21 -> 1,090.50 | V48: =广诚DHL运费!I22 -> 1,138.50 | W48: =广诚DHL运费!I23 -> 1,181.10 | X48: =广诚DHL运费!I24 -> 1,223.70 | Y48: =广诚DHL运费!I25 -> 1,266.30 | Z48: =广诚DHL运费!I26 -> 1,308.90 | AA48: =广诚DHL运费!I27 -> 1,351.50 | AB48: =广诚DHL运费!I28 -> 1,394.10 | AC48: =广诚DHL运费!I29 -> 1,436.70 | AD48: =广诚DHL运费!I30 -> 1,479.30 | AE48: =广诚DHL运费!I31 -> 1,521.90 | AF48: =广诚DHL运费!I32 -> 1,564.50 | AG48: =广诚DHL运费!I33 -> 1,607.10 | AH48: =广诚DHL运费!I34 -> 1,649.70 | AI48: =广诚DHL运费!I35 -> 1,692.30 | AJ48: =广诚DHL运费!I36 -> 1,734.90 | AK48: =广诚DHL运费!I37 -> 1,777.50 | AL48: =广诚DHL运费!I38 -> 1,820.10 | AM48: =广诚DHL运费!I39 -> 1,862.70 | AN48: =广诚DHL运费!I40 -> 1,905.30 | AO48: =广诚DHL运费!I41 -> 1,947.90 | AP48: =广诚DHL运费!I42 -> 1,990.50 | AQ48: 968.25 | AR48: 988.05 | AS48: 1007.85 | AT48: 1027.65 | AU48: 1047.45 | AV48: 1067.25 | AW48: 1087.05 | AX48: 1106.85 | AY48: 1126.65 | AZ48: 1146.45 | BA48: 1166.25 | BB48: 1186.05 | BC48: 1205.85 | BD48: 1225.65 | BE48: 1245.45 | BF48: 1265.25 | BG48: 1285.05 | BH48: 1304.85 | BI48: 1324.65 | BJ48: 1344.45
A49: 卢森堡 | B49: 7 | C49: =广诚DHL运费!I3 -> 192.60 | D49: =广诚DHL运费!I4 -> 242.70 | E49: =广诚DHL运费!I5 -> 292.80 | F49: =广诚DHL运费!I6 -> 342.90 | G49: =广诚DHL运费!I7 -> 393.00 | H49: =广诚DHL运费!I8 -> 446.10 | I49: =广诚DHL运费!I9 -> 499.20 | J49: =广诚DHL运费!I10 -> 552.30 | K49: =广诚DHL运费!I11 -> 605.40 | L49: =广诚DHL运费!I12 -> 658.50 | M49: =广诚DHL运费!I13 -> 706.50 | N49: =广诚DHL运费!I14 -> 754.50 | O49: =广诚DHL运费!I15 -> 802.50 | P49: =广诚DHL运费!I16 -> 850.50 | Q49: =广诚DHL运费!I17 -> 898.50 | R49: =广诚DHL运费!I18 -> 946.50 | S49: =广诚DHL运费!I19 -> 994.50 | T49: =广诚DHL运费!I20 -> 1,042.50 | U49: =广诚DHL运费!I21 -> 1,090.50 | V49: =广诚DHL运费!I22 -> 1,138.50 | W49: =广诚DHL运费!I23 -> 1,181.10 | X49: =广诚DHL运费!I24 -> 1,223.70 | Y49: =广诚DHL运费!I25 -> 1,266.30 | Z49: =广诚DHL运费!I26 -> 1,308.90 | AA49: =广诚DHL运费!I27 -> 1,351.50 | AB49: =广诚DHL运费!I28 -> 1,394.10 | AC49: =广诚DHL运费!I29 -> 1,436.70 | AD49: =广诚DHL运费!I30 -> 1,479.30 | AE49: =广诚DHL运费!I31 -> 1,521.90 | AF49: =广诚DHL运费!I32 -> 1,564.50 | AG49: =广诚DHL运费!I33 -> 1,607.10 | AH49: =广诚DHL运费!I34 -> 1,649.70 | AI49: =广诚DHL运费!I35 -> 1,692.30 | AJ49: =广诚DHL运费!I36 -> 1,734.90 | AK49: =广诚DHL运费!I37 -> 1,777.50 | AL49: =广诚DHL运费!I38 -> 1,820.10 | AM49: =广诚DHL运费!I39 -> 1,862.70 | AN49: =广诚DHL运费!I40 -> 1,905.30 | AO49: =广诚DHL运费!I41 -> 1,947.90 | AP49: =广诚DHL运费!I42 -> 1,990.50 | AQ49: 968.25 | AR49: 988.05 | AS49: 1007.85 | AT49: 1027.65 | AU49: 1047.45 | AV49: 1067.25 | AW49: 1087.05 | AX49: 1106.85 | AY49: 1126.65 | AZ49: 1146.45 | BA49: 1166.25 | BB49: 1186.05 | BC49: 1205.85 | BD49: 1225.65 | BE49: 1245.45 | BF49: 1265.25 | BG49: 1285.05 | BH49: 1304.85 | BI49: 1324.65 | BJ49: 1344.45
A50: 拉脱维亚 | B50: 7 | C50: =广诚DHL运费!I3 -> 192.60 | D50: =广诚DHL运费!I4 -> 242.70 | E50: =广诚DHL运费!I5 -> 292.80 | F50: =广诚DHL运费!I6 -> 342.90 | G50: =广诚DHL运费!I7 -> 393.00 | H50: =广诚DHL运费!I8 -> 446.10 | I50: =广诚DHL运费!I9 -> 499.20 | J50: =广诚DHL运费!I10 -> 552.30 | K50: =广诚DHL运费!I11 -> 605.40 | L50: =广诚DHL运费!I12 -> 658.50 | M50: =广诚DHL运费!I13 -> 706.50 | N50: =广诚DHL运费!I14 -> 754.50 | O50: =广诚DHL运费!I15 -> 802.50 | P50: =广诚DHL运费!I16 -> 850.50 | Q50: =广诚DHL运费!I17 -> 898.50 | R50: =广诚DHL运费!I18 -> 946.50 | S50: =广诚DHL运费!I19 -> 994.50 | T50: =广诚DHL运费!I20 -> 1,042.50 | U50: =广诚DHL运费!I21 -> 1,090.50 | V50: =广诚DHL运费!I22 -> 1,138.50 | W50: =广诚DHL运费!I23 -> 1,181.10 | X50: =广诚DHL运费!I24 -> 1,223.70 | Y50: =广诚DHL运费!I25 -> 1,266.30 | Z50: =广诚DHL运费!I26 -> 1,308.90 | AA50: =广诚DHL运费!I27 -> 1,351.50 | AB50: =广诚DHL运费!I28 -> 1,394.10 | AC50: =广诚DHL运费!I29 -> 1,436.70 | AD50: =广诚DHL运费!I30 -> 1,479.30 | AE50: =广诚DHL运费!I31 -> 1,521.90 | AF50: =广诚DHL运费!I32 -> 1,564.50 | AG50: =广诚DHL运费!I33 -> 1,607.10 | AH50: =广诚DHL运费!I34 -> 1,649.70 | AI50: =广诚DHL运费!I35 -> 1,692.30 | AJ50: =广诚DHL运费!I36 -> 1,734.90 | AK50: =广诚DHL运费!I37 -> 1,777.50 | AL50: =广诚DHL运费!I38 -> 1,820.10 | AM50: =广诚DHL运费!I39 -> 1,862.70 | AN50: =广诚DHL运费!I40 -> 1,905.30 | AO50: =广诚DHL运费!I41 -> 1,947.90 | AP50: =广诚DHL运费!I42 -> 1,990.50 | AQ50: 968.25 | AR50: 988.05 | AS50: 1007.85 | AT50: 1027.65 | AU50: 1047.45 | AV50: 1067.25 | AW50: 1087.05 | AX50: 1106.85 | AY50: 1126.65 | AZ50: 1146.45 | BA50: 1166.25 | BB50: 1186.05 | BC50: 1205.85 | BD50: 1225.65 | BE50: 1245.45 | BF50: 1265.25 | BG50: 1285.05 | BH50: 1304.85 | BI50: 1324.65 | BJ50: 1344.45
A51: 摩纳哥 | B51: 7 | C51: =广诚DHL运费!I3 -> 192.60 | D51: =广诚DHL运费!I4 -> 242.70 | E51: =广诚DHL运费!I5 -> 292.80 | F51: =广诚DHL运费!I6 -> 342.90 | G51: =广诚DHL运费!I7 -> 393.00 | H51: =广诚DHL运费!I8 -> 446.10 | I51: =广诚DHL运费!I9 -> 499.20 | J51: =广诚DHL运费!I10 -> 552.30 | K51: =广诚DHL运费!I11 -> 605.40 | L51: =广诚DHL运费!I12 -> 658.50 | M51: =广诚DHL运费!I13 -> 706.50 | N51: =广诚DHL运费!I14 -> 754.50 | O51: =广诚DHL运费!I15 -> 802.50 | P51: =广诚DHL运费!I16 -> 850.50 | Q51: =广诚DHL运费!I17 -> 898.50 | R51: =广诚DHL运费!I18 -> 946.50 | S51: =广诚DHL运费!I19 -> 994.50 | T51: =广诚DHL运费!I20 -> 1,042.50 | U51: =广诚DHL运费!I21 -> 1,090.50 | V51: =广诚DHL运费!I22 -> 1,138.50 | W51: =广诚DHL运费!I23 -> 1,181.10 | X51: =广诚DHL运费!I24 -> 1,223.70 | Y51: =广诚DHL运费!I25 -> 1,266.30 | Z51: =广诚DHL运费!I26 -> 1,308.90 | AA51: =广诚DHL运费!I27 -> 1,351.50 | AB51: =广诚DHL运费!I28 -> 1,394.10 | AC51: =广诚DHL运费!I29 -> 1,436.70 | AD51: =广诚DHL运费!I30 -> 1,479.30 | AE51: =广诚DHL运费!I31 -> 1,521.90 | AF51: =广诚DHL运费!I32 -> 1,564.50 | AG51: =广诚DHL运费!I33 -> 1,607.10 | AH51: =广诚DHL运费!I34 -> 1,649.70 | AI51: =广诚DHL运费!I35 -> 1,692.30 | AJ51: =广诚DHL运费!I36 -> 1,734.90 | AK51: =广诚DHL运费!I37 -> 1,777.50 | AL51: =广诚DHL运费!I38 -> 1,820.10 | AM51: =广诚DHL运费!I39 -> 1,862.70 | AN51: =广诚DHL运费!I40 -> 1,905.30 | AO51: =广诚DHL运费!I41 -> 1,947.90 | AP51: =广诚DHL运费!I42 -> 1,990.50 | AQ51: 968.25 | AR51: 988.05 | AS51: 1007.85 | AT51: 1027.65 | AU51: 1047.45 | AV51: 1067.25 | AW51: 1087.05 | AX51: 1106.85 | AY51: 1126.65 | AZ51: 1146.45 | BA51: 1166.25 | BB51: 1186.05 | BC51: 1205.85 | BD51: 1225.65 | BE51: 1245.45 | BF51: 1265.25 | BG51: 1285.05 | BH51: 1304.85 | BI51: 1324.65 | BJ51: 1344.45
A52: 马耳他 | B52: 7 | C52: =广诚DHL运费!I3 -> 192.60 | D52: =广诚DHL运费!I4 -> 242.70 | E52: =广诚DHL运费!I5 -> 292.80 | F52: =广诚DHL运费!I6 -> 342.90 | G52: =广诚DHL运费!I7 -> 393.00 | H52: =广诚DHL运费!I8 -> 446.10 | I52: =广诚DHL运费!I9 -> 499.20 | J52: =广诚DHL运费!I10 -> 552.30 | K52: =广诚DHL运费!I11 -> 605.40 | L52: =广诚DHL运费!I12 -> 658.50 | M52: =广诚DHL运费!I13 -> 706.50 | N52: =广诚DHL运费!I14 -> 754.50 | O52: =广诚DHL运费!I15 -> 802.50 | P52: =广诚DHL运费!I16 -> 850.50 | Q52: =广诚DHL运费!I17 -> 898.50 | R52: =广诚DHL运费!I18 -> 946.50 | S52: =广诚DHL运费!I19 -> 994.50 | T52: =广诚DHL运费!I20 -> 1,042.50 | U52: =广诚DHL运费!I21 -> 1,090.50 | V52: =广诚DHL运费!I22 -> 1,138.50 | W52: =广诚DHL运费!I23 -> 1,181.10 | X52: =广诚DHL运费!I24 -> 1,223.70 | Y52: =广诚DHL运费!I25 -> 1,266.30 | Z52: =广诚DHL运费!I26 -> 1,308.90 | AA52: =广诚DHL运费!I27 -> 1,351.50 | AB52: =广诚DHL运费!I28 -> 1,394.10 | AC52: =广诚DHL运费!I29 -> 1,436.70 | AD52: =广诚DHL运费!I30 -> 1,479.30 | AE52: =广诚DHL运费!I31 -> 1,521.90 | AF52: =广诚DHL运费!I32 -> 1,564.50 | AG52: =广诚DHL运费!I33 -> 1,607.10 | AH52: =广诚DHL运费!I34 -> 1,649.70 | AI52: =广诚DHL运费!I35 -> 1,692.30 | AJ52: =广诚DHL运费!I36 -> 1,734.90 | AK52: =广诚DHL运费!I37 -> 1,777.50 | AL52: =广诚DHL运费!I38 -> 1,820.10 | AM52: =广诚DHL运费!I39 -> 1,862.70 | AN52: =广诚DHL运费!I40 -> 1,905.30 | AO52: =广诚DHL运费!I41 -> 1,947.90 | AP52: =广诚DHL运费!I42 -> 1,990.50 | AQ52: 968.25 | AR52: 988.05 | AS52: 1007.85 | AT52: 1027.65 | AU52: 1047.45 | AV52: 1067.25 | AW52: 1087.05 | AX52: 1106.85 | AY52: 1126.65 | AZ52: 1146.45 | BA52: 1166.25 | BB52: 1186.05 | BC52: 1205.85 | BD52: 1225.65 | BE52: 1245.45 | BF52: 1265.25 | BG52: 1285.05 | BH52: 1304.85 | BI52: 1324.65 | BJ52: 1344.45
A53: 荷兰 | B53: 7 | C53: =广诚DHL运费!I3 -> 192.60 | D53: =广诚DHL运费!I4 -> 242.70 | E53: =广诚DHL运费!I5 -> 292.80 | F53: =广诚DHL运费!I6 -> 342.90 | G53: =广诚DHL运费!I7 -> 393.00 | H53: =广诚DHL运费!I8 -> 446.10 | I53: =广诚DHL运费!I9 -> 499.20 | J53: =广诚DHL运费!I10 -> 552.30 | K53: =广诚DHL运费!I11 -> 605.40 | L53: =广诚DHL运费!I12 -> 658.50 | M53: =广诚DHL运费!I13 -> 706.50 | N53: =广诚DHL运费!I14 -> 754.50 | O53: =广诚DHL运费!I15 -> 802.50 | P53: =广诚DHL运费!I16 -> 850.50 | Q53: =广诚DHL运费!I17 -> 898.50 | R53: =广诚DHL运费!I18 -> 946.50 | S53: =广诚DHL运费!I19 -> 994.50 | T53: =广诚DHL运费!I20 -> 1,042.50 | U53: =广诚DHL运费!I21 -> 1,090.50 | V53: =广诚DHL运费!I22 -> 1,138.50 | W53: =广诚DHL运费!I23 -> 1,181.10 | X53: =广诚DHL运费!I24 -> 1,223.70 | Y53: =广诚DHL运费!I25 -> 1,266.30 | Z53: =广诚DHL运费!I26 -> 1,308.90 | AA53: =广诚DHL运费!I27 -> 1,351.50 | AB53: =广诚DHL运费!I28 -> 1,394.10 | AC53: =广诚DHL运费!I29 -> 1,436.70 | AD53: =广诚DHL运费!I30 -> 1,479.30 | AE53: =广诚DHL运费!I31 -> 1,521.90 | AF53: =广诚DHL运费!I32 -> 1,564.50 | AG53: =广诚DHL运费!I33 -> 1,607.10 | AH53: =广诚DHL运费!I34 -> 1,649.70 | AI53: =广诚DHL运费!I35 -> 1,692.30 | AJ53: =广诚DHL运费!I36 -> 1,734.90 | AK53: =广诚DHL运费!I37 -> 1,777.50 | AL53: =广诚DHL运费!I38 -> 1,820.10 | AM53: =广诚DHL运费!I39 -> 1,862.70 | AN53: =广诚DHL运费!I40 -> 1,905.30 | AO53: =广诚DHL运费!I41 -> 1,947.90 | AP53: =广诚DHL运费!I42 -> 1,990.50 | AQ53: 968.25 | AR53: 988.05 | AS53: 1007.85 | AT53: 1027.65 | AU53: 1047.45 | AV53: 1067.25 | AW53: 1087.05 | AX53: 1106.85 | AY53: 1126.65 | AZ53: 1146.45 | BA53: 1166.25 | BB53: 1186.05 | BC53: 1205.85 | BD53: 1225.65 | BE53: 1245.45 | BF53: 1265.25 | BG53: 1285.05 | BH53: 1304.85 | BI53: 1324.65 | BJ53: 1344.45
A54: 挪威 | B54: 7 | C54: =广诚DHL运费!I3 -> 192.60 | D54: =广诚DHL运费!I4 -> 242.70 | E54: =广诚DHL运费!I5 -> 292.80 | F54: =广诚DHL运费!I6 -> 342.90 | G54: =广诚DHL运费!I7 -> 393.00 | H54: =广诚DHL运费!I8 -> 446.10 | I54: =广诚DHL运费!I9 -> 499.20 | J54: =广诚DHL运费!I10 -> 552.30 | K54: =广诚DHL运费!I11 -> 605.40 | L54: =广诚DHL运费!I12 -> 658.50 | M54: =广诚DHL运费!I13 -> 706.50 | N54: =广诚DHL运费!I14 -> 754.50 | O54: =广诚DHL运费!I15 -> 802.50 | P54: =广诚DHL运费!I16 -> 850.50 | Q54: =广诚DHL运费!I17 -> 898.50 | R54: =广诚DHL运费!I18 -> 946.50 | S54: =广诚DHL运费!I19 -> 994.50 | T54: =广诚DHL运费!I20 -> 1,042.50 | U54: =广诚DHL运费!I21 -> 1,090.50 | V54: =广诚DHL运费!I22 -> 1,138.50 | W54: =广诚DHL运费!I23 -> 1,181.10 | X54: =广诚DHL运费!I24 -> 1,223.70 | Y54: =广诚DHL运费!I25 -> 1,266.30 | Z54: =广诚DHL运费!I26 -> 1,308.90 | AA54: =广诚DHL运费!I27 -> 1,351.50 | AB54: =广诚DHL运费!I28 -> 1,394.10 | AC54: =广诚DHL运费!I29 -> 1,436.70 | AD54: =广诚DHL运费!I30 -> 1,479.30 | AE54: =广诚DHL运费!I31 -> 1,521.90 | AF54: =广诚DHL运费!I32 -> 1,564.50 | AG54: =广诚DHL运费!I33 -> 1,607.10 | AH54: =广诚DHL运费!I34 -> 1,649.70 | AI54: =广诚DHL运费!I35 -> 1,692.30 | AJ54: =广诚DHL运费!I36 -> 1,734.90 | AK54: =广诚DHL运费!I37 -> 1,777.50 | AL54: =广诚DHL运费!I38 -> 1,820.10 | AM54: =广诚DHL运费!I39 -> 1,862.70 | AN54: =广诚DHL运费!I40 -> 1,905.30 | AO54: =广诚DHL运费!I41 -> 1,947.90 | AP54: =广诚DHL运费!I42 -> 1,990.50 | AQ54: 968.25 | AR54: 988.05 | AS54: 1007.85 | AT54: 1027.65 | AU54: 1047.45 | AV54: 1067.25 | AW54: 1087.05 | AX54: 1106.85 | AY54: 1126.65 | AZ54: 1146.45 | BA54: 1166.25 | BB54: 1186.05 | BC54: 1205.85 | BD54: 1225.65 | BE54: 1245.45 | BF54: 1265.25 | BG54: 1285.05 | BH54: 1304.85 | BI54: 1324.65 | BJ54: 1344.45
A55: 波兰 | B55: 7 | C55: =广诚DHL运费!I3 -> 192.60 | D55: =广诚DHL运费!I4 -> 242.70 | E55: =广诚DHL运费!I5 -> 292.80 | F55: =广诚DHL运费!I6 -> 342.90 | G55: =广诚DHL运费!I7 -> 393.00 | H55: =广诚DHL运费!I8 -> 446.10 | I55: =广诚DHL运费!I9 -> 499.20 | J55: =广诚DHL运费!I10 -> 552.30 | K55: =广诚DHL运费!I11 -> 605.40 | L55: =广诚DHL运费!I12 -> 658.50 | M55: =广诚DHL运费!I13 -> 706.50 | N55: =广诚DHL运费!I14 -> 754.50 | O55: =广诚DHL运费!I15 -> 802.50 | P55: =广诚DHL运费!I16 -> 850.50 | Q55: =广诚DHL运费!I17 -> 898.50 | R55: =广诚DHL运费!I18 -> 946.50 | S55: =广诚DHL运费!I19 -> 994.50 | T55: =广诚DHL运费!I20 -> 1,042.50 | U55: =广诚DHL运费!I21 -> 1,090.50 | V55: =广诚DHL运费!I22 -> 1,138.50 | W55: =广诚DHL运费!I23 -> 1,181.10 | X55: =广诚DHL运费!I24 -> 1,223.70 | Y55: =广诚DHL运费!I25 -> 1,266.30 | Z55: =广诚DHL运费!I26 -> 1,308.90 | AA55: =广诚DHL运费!I27 -> 1,351.50 | AB55: =广诚DHL运费!I28 -> 1,394.10 | AC55: =广诚DHL运费!I29 -> 1,436.70 | AD55: =广诚DHL运费!I30 -> 1,479.30 | AE55: =广诚DHL运费!I31 -> 1,521.90 | AF55: =广诚DHL运费!I32 -> 1,564.50 | AG55: =广诚DHL运费!I33 -> 1,607.10 | AH55: =广诚DHL运费!I34 -> 1,649.70 | AI55: =广诚DHL运费!I35 -> 1,692.30 | AJ55: =广诚DHL运费!I36 -> 1,734.90 | AK55: =广诚DHL运费!I37 -> 1,777.50 | AL55: =广诚DHL运费!I38 -> 1,820.10 | AM55: =广诚DHL运费!I39 -> 1,862.70 | AN55: =广诚DHL运费!I40 -> 1,905.30 | AO55: =广诚DHL运费!I41 -> 1,947.90 | AP55: =广诚DHL运费!I42 -> 1,990.50 | AQ55: 968.25 | AR55: 988.05 | AS55: 1007.85 | AT55: 1027.65 | AU55: 1047.45 | AV55: 1067.25 | AW55: 1087.05 | AX55: 1106.85 | AY55: 1126.65 | AZ55: 1146.45 | BA55: 1166.25 | BB55: 1186.05 | BC55: 1205.85 | BD55: 1225.65 | BE55: 1245.45 | BF55: 1265.25 | BG55: 1285.05 | BH55: 1304.85 | BI55: 1324.65 | BJ55: 1344.45
A56: 葡萄牙 | B56: 7 | C56: =广诚DHL运费!I3 -> 192.60 | D56: =广诚DHL运费!I4 -> 242.70 | E56: =广诚DHL运费!I5 -> 292.80 | F56: =广诚DHL运费!I6 -> 342.90 | G56: =广诚DHL运费!I7 -> 393.00 | H56: =广诚DHL运费!I8 -> 446.10 | I56: =广诚DHL运费!I9 -> 499.20 | J56: =广诚DHL运费!I10 -> 552.30 | K56: =广诚DHL运费!I11 -> 605.40 | L56: =广诚DHL运费!I12 -> 658.50 | M56: =广诚DHL运费!I13 -> 706.50 | N56: =广诚DHL运费!I14 -> 754.50 | O56: =广诚DHL运费!I15 -> 802.50 | P56: =广诚DHL运费!I16 -> 850.50 | Q56: =广诚DHL运费!I17 -> 898.50 | R56: =广诚DHL运费!I18 -> 946.50 | S56: =广诚DHL运费!I19 -> 994.50 | T56: =广诚DHL运费!I20 -> 1,042.50 | U56: =广诚DHL运费!I21 -> 1,090.50 | V56: =广诚DHL运费!I22 -> 1,138.50 | W56: =广诚DHL运费!I23 -> 1,181.10 | X56: =广诚DHL运费!I24 -> 1,223.70 | Y56: =广诚DHL运费!I25 -> 1,266.30 | Z56: =广诚DHL运费!I26 -> 1,308.90 | AA56: =广诚DHL运费!I27 -> 1,351.50 | AB56: =广诚DHL运费!I28 -> 1,394.10 | AC56: =广诚DHL运费!I29 -> 1,436.70 | AD56: =广诚DHL运费!I30 -> 1,479.30 | AE56: =广诚DHL运费!I31 -> 1,521.90 | AF56: =广诚DHL运费!I32 -> 1,564.50 | AG56: =广诚DHL运费!I33 -> 1,607.10 | AH56: =广诚DHL运费!I34 -> 1,649.70 | AI56: =广诚DHL运费!I35 -> 1,692.30 | AJ56: =广诚DHL运费!I36 -> 1,734.90 | AK56: =广诚DHL运费!I37 -> 1,777.50 | AL56: =广诚DHL运费!I38 -> 1,820.10 | AM56: =广诚DHL运费!I39 -> 1,862.70 | AN56: =广诚DHL运费!I40 -> 1,905.30 | AO56: =广诚DHL运费!I41 -> 1,947.90 | AP56: =广诚DHL运费!I42 -> 1,990.50 | AQ56: 968.25 | AR56: 988.05 | AS56: 1007.85 | AT56: 1027.65 | AU56: 1047.45 | AV56: 1067.25 | AW56: 1087.05 | AX56: 1106.85 | AY56: 1126.65 | AZ56: 1146.45 | BA56: 1166.25 | BB56: 1186.05 | BC56: 1205.85 | BD56: 1225.65 | BE56: 1245.45 | BF56: 1265.25 | BG56: 1285.05 | BH56: 1304.85 | BI56: 1324.65 | BJ56: 1344.45
A57: 瑞典 | B57: 7 | C57: =广诚DHL运费!I3 -> 192.60 | D57: =广诚DHL运费!I4 -> 242.70 | E57: =广诚DHL运费!I5 -> 292.80 | F57: =广诚DHL运费!I6 -> 342.90 | G57: =广诚DHL运费!I7 -> 393.00 | H57: =广诚DHL运费!I8 -> 446.10 | I57: =广诚DHL运费!I9 -> 499.20 | J57: =广诚DHL运费!I10 -> 552.30 | K57: =广诚DHL运费!I11 -> 605.40 | L57: =广诚DHL运费!I12 -> 658.50 | M57: =广诚DHL运费!I13 -> 706.50 | N57: =广诚DHL运费!I14 -> 754.50 | O57: =广诚DHL运费!I15 -> 802.50 | P57: =广诚DHL运费!I16 -> 850.50 | Q57: =广诚DHL运费!I17 -> 898.50 | R57: =广诚DHL运费!I18 -> 946.50 | S57: =广诚DHL运费!I19 -> 994.50 | T57: =广诚DHL运费!I20 -> 1,042.50 | U57: =广诚DHL运费!I21 -> 1,090.50 | V57: =广诚DHL运费!I22 -> 1,138.50 | W57: =广诚DHL运费!I23 -> 1,181.10 | X57: =广诚DHL运费!I24 -> 1,223.70 | Y57: =广诚DHL运费!I25 -> 1,266.30 | Z57: =广诚DHL运费!I26 -> 1,308.90 | AA57: =广诚DHL运费!I27 -> 1,351.50 | AB57: =广诚DHL运费!I28 -> 1,394.10 | AC57: =广诚DHL运费!I29 -> 1,436.70 | AD57: =广诚DHL运费!I30 -> 1,479.30 | AE57: =广诚DHL运费!I31 -> 1,521.90 | AF57: =广诚DHL运费!I32 -> 1,564.50 | AG57: =广诚DHL运费!I33 -> 1,607.10 | AH57: =广诚DHL运费!I34 -> 1,649.70 | AI57: =广诚DHL运费!I35 -> 1,692.30 | AJ57: =广诚DHL运费!I36 -> 1,734.90 | AK57: =广诚DHL运费!I37 -> 1,777.50 | AL57: =广诚DHL运费!I38 -> 1,820.10 | AM57: =广诚DHL运费!I39 -> 1,862.70 | AN57: =广诚DHL运费!I40 -> 1,905.30 | AO57: =广诚DHL运费!I41 -> 1,947.90 | AP57: =广诚DHL运费!I42 -> 1,990.50 | AQ57: 968.25 | AR57: 988.05 | AS57: 1007.85 | AT57: 1027.65 | AU57: 1047.45 | AV57: 1067.25 | AW57: 1087.05 | AX57: 1106.85 | AY57: 1126.65 | AZ57: 1146.45 | BA57: 1166.25 | BB57: 1186.05 | BC57: 1205.85 | BD57: 1225.65 | BE57: 1245.45 | BF57: 1265.25 | BG57: 1285.05 | BH57: 1304.85 | BI57: 1324.65 | BJ57: 1344.45
A58: 斯洛文尼亚 | B58: 7 | C58: =广诚DHL运费!I3 -> 192.60 | D58: =广诚DHL运费!I4 -> 242.70 | E58: =广诚DHL运费!I5 -> 292.80 | F58: =广诚DHL运费!I6 -> 342.90 | G58: =广诚DHL运费!I7 -> 393.00 | H58: =广诚DHL运费!I8 -> 446.10 | I58: =广诚DHL运费!I9 -> 499.20 | J58: =广诚DHL运费!I10 -> 552.30 | K58: =广诚DHL运费!I11 -> 605.40 | L58: =广诚DHL运费!I12 -> 658.50 | M58: =广诚DHL运费!I13 -> 706.50 | N58: =广诚DHL运费!I14 -> 754.50 | O58: =广诚DHL运费!I15 -> 802.50 | P58: =广诚DHL运费!I16 -> 850.50 | Q58: =广诚DHL运费!I17 -> 898.50 | R58: =广诚DHL运费!I18 -> 946.50 | S58: =广诚DHL运费!I19 -> 994.50 | T58: =广诚DHL运费!I20 -> 1,042.50 | U58: =广诚DHL运费!I21 -> 1,090.50 | V58: =广诚DHL运费!I22 -> 1,138.50 | W58: =广诚DHL运费!I23 -> 1,181.10 | X58: =广诚DHL运费!I24 -> 1,223.70 | Y58: =广诚DHL运费!I25 -> 1,266.30 | Z58: =广诚DHL运费!I26 -> 1,308.90 | AA58: =广诚DHL运费!I27 -> 1,351.50 | AB58: =广诚DHL运费!I28 -> 1,394.10 | AC58: =广诚DHL运费!I29 -> 1,436.70 | AD58: =广诚DHL运费!I30 -> 1,479.30 | AE58: =广诚DHL运费!I31 -> 1,521.90 | AF58: =广诚DHL运费!I32 -> 1,564.50 | AG58: =广诚DHL运费!I33 -> 1,607.10 | AH58: =广诚DHL运费!I34 -> 1,649.70 | AI58: =广诚DHL运费!I35 -> 1,692.30 | AJ58: =广诚DHL运费!I36 -> 1,734.90 | AK58: =广诚DHL运费!I37 -> 1,777.50 | AL58: =广诚DHL运费!I38 -> 1,820.10 | AM58: =广诚DHL运费!I39 -> 1,862.70 | AN58: =广诚DHL运费!I40 -> 1,905.30 | AO58: =广诚DHL运费!I41 -> 1,947.90 | AP58: =广诚DHL运费!I42 -> 1,990.50 | AQ58: 968.25 | AR58: 988.05 | AS58: 1007.85 | AT58: 1027.65 | AU58: 1047.45 | AV58: 1067.25 | AW58: 1087.05 | AX58: 1106.85 | AY58: 1126.65 | AZ58: 1146.45 | BA58: 1166.25 | BB58: 1186.05 | BC58: 1205.85 | BD58: 1225.65 | BE58: 1245.45 | BF58: 1265.25 | BG58: 1285.05 | BH58: 1304.85 | BI58: 1324.65 | BJ58: 1344.45
A59: 斯洛伐克 | B59: 7 | C59: =广诚DHL运费!I3 -> 192.60 | D59: =广诚DHL运费!I4 -> 242.70 | E59: =广诚DHL运费!I5 -> 292.80 | F59: =广诚DHL运费!I6 -> 342.90 | G59: =广诚DHL运费!I7 -> 393.00 | H59: =广诚DHL运费!I8 -> 446.10 | I59: =广诚DHL运费!I9 -> 499.20 | J59: =广诚DHL运费!I10 -> 552.30 | K59: =广诚DHL运费!I11 -> 605.40 | L59: =广诚DHL运费!I12 -> 658.50 | M59: =广诚DHL运费!I13 -> 706.50 | N59: =广诚DHL运费!I14 -> 754.50 | O59: =广诚DHL运费!I15 -> 802.50 | P59: =广诚DHL运费!I16 -> 850.50 | Q59: =广诚DHL运费!I17 -> 898.50 | R59: =广诚DHL运费!I18 -> 946.50 | S59: =广诚DHL运费!I19 -> 994.50 | T59: =广诚DHL运费!I20 -> 1,042.50 | U59: =广诚DHL运费!I21 -> 1,090.50 | V59: =广诚DHL运费!I22 -> 1,138.50 | W59: =广诚DHL运费!I23 -> 1,181.10 | X59: =广诚DHL运费!I24 -> 1,223.70 | Y59: =广诚DHL运费!I25 -> 1,266.30 | Z59: =广诚DHL运费!I26 -> 1,308.90 | AA59: =广诚DHL运费!I27 -> 1,351.50 | AB59: =广诚DHL运费!I28 -> 1,394.10 | AC59: =广诚DHL运费!I29 -> 1,436.70 | AD59: =广诚DHL运费!I30 -> 1,479.30 | AE59: =广诚DHL运费!I31 -> 1,521.90 | AF59: =广诚DHL运费!I32 -> 1,564.50 | AG59: =广诚DHL运费!I33 -> 1,607.10 | AH59: =广诚DHL运费!I34 -> 1,649.70 | AI59: =广诚DHL运费!I35 -> 1,692.30 | AJ59: =广诚DHL运费!I36 -> 1,734.90 | AK59: =广诚DHL运费!I37 -> 1,777.50 | AL59: =广诚DHL运费!I38 -> 1,820.10 | AM59: =广诚DHL运费!I39 -> 1,862.70 | AN59: =广诚DHL运费!I40 -> 1,905.30 | AO59: =广诚DHL运费!I41 -> 1,947.90 | AP59: =广诚DHL运费!I42 -> 1,990.50 | AQ59: 968.25 | AR59: 988.05 | AS59: 1007.85 | AT59: 1027.65 | AU59: 1047.45 | AV59: 1067.25 | AW59: 1087.05 | AX59: 1106.85 | AY59: 1126.65 | AZ59: 1146.45 | BA59: 1166.25 | BB59: 1186.05 | BC59: 1205.85 | BD59: 1225.65 | BE59: 1245.45 | BF59: 1265.25 | BG59: 1285.05 | BH59: 1304.85 | BI59: 1324.65 | BJ59: 1344.45
A60: 圣马力诺 | B60: 7 | C60: =广诚DHL运费!I3 -> 192.60 | D60: =广诚DHL运费!I4 -> 242.70 | E60: =广诚DHL运费!I5 -> 292.80 | F60: =广诚DHL运费!I6 -> 342.90 | G60: =广诚DHL运费!I7 -> 393.00 | H60: =广诚DHL运费!I8 -> 446.10 | I60: =广诚DHL运费!I9 -> 499.20 | J60: =广诚DHL运费!I10 -> 552.30 | K60: =广诚DHL运费!I11 -> 605.40 | L60: =广诚DHL运费!I12 -> 658.50 | M60: =广诚DHL运费!I13 -> 706.50 | N60: =广诚DHL运费!I14 -> 754.50 | O60: =广诚DHL运费!I15 -> 802.50 | P60: =广诚DHL运费!I16 -> 850.50 | Q60: =广诚DHL运费!I17 -> 898.50 | R60: =广诚DHL运费!I18 -> 946.50 | S60: =广诚DHL运费!I19 -> 994.50 | T60: =广诚DHL运费!I20 -> 1,042.50 | U60: =广诚DHL运费!I21 -> 1,090.50 | V60: =广诚DHL运费!I22 -> 1,138.50 | W60: =广诚DHL运费!I23 -> 1,181.10 | X60: =广诚DHL运费!I24 -> 1,223.70 | Y60: =广诚DHL运费!I25 -> 1,266.30 | Z60: =广诚DHL运费!I26 -> 1,308.90 | AA60: =广诚DHL运费!I27 -> 1,351.50 | AB60: =广诚DHL运费!I28 -> 1,394.10 | AC60: =广诚DHL运费!I29 -> 1,436.70 | AD60: =广诚DHL运费!I30 -> 1,479.30 | AE60: =广诚DHL运费!I31 -> 1,521.90 | AF60: =广诚DHL运费!I32 -> 1,564.50 | AG60: =广诚DHL运费!I33 -> 1,607.10 | AH60: =广诚DHL运费!I34 -> 1,649.70 | AI60: =广诚DHL运费!I35 -> 1,692.30 | AJ60: =广诚DHL运费!I36 -> 1,734.90 | AK60: =广诚DHL运费!I37 -> 1,777.50 | AL60: =广诚DHL运费!I38 -> 1,820.10 | AM60: =广诚DHL运费!I39 -> 1,862.70 | AN60: =广诚DHL运费!I40 -> 1,905.30 | AO60: =广诚DHL运费!I41 -> 1,947.90 | AP60: =广诚DHL运费!I42 -> 1,990.50 | AQ60: 968.25 | AR60: 988.05 | AS60: 1007.85 | AT60: 1027.65 | AU60: 1047.45 | AV60: 1067.25 | AW60: 1087.05 | AX60: 1106.85 | AY60: 1126.65 | AZ60: 1146.45 | BA60: 1166.25 | BB60: 1186.05 | BC60: 1205.85 | BD60: 1225.65 | BE60: 1245.45 | BF60: 1265.25 | BG60: 1285.05 | BH60: 1304.85 | BI60: 1324.65 | BJ60: 1344.45
A61: 梵蒂冈 | B61: 7 | C61: =广诚DHL运费!I3 -> 192.60 | D61: =广诚DHL运费!I4 -> 242.70 | E61: =广诚DHL运费!I5 -> 292.80 | F61: =广诚DHL运费!I6 -> 342.90 | G61: =广诚DHL运费!I7 -> 393.00 | H61: =广诚DHL运费!I8 -> 446.10 | I61: =广诚DHL运费!I9 -> 499.20 | J61: =广诚DHL运费!I10 -> 552.30 | K61: =广诚DHL运费!I11 -> 605.40 | L61: =广诚DHL运费!I12 -> 658.50 | M61: =广诚DHL运费!I13 -> 706.50 | N61: =广诚DHL运费!I14 -> 754.50 | O61: =广诚DHL运费!I15 -> 802.50 | P61: =广诚DHL运费!I16 -> 850.50 | Q61: =广诚DHL运费!I17 -> 898.50 | R61: =广诚DHL运费!I18 -> 946.50 | S61: =广诚DHL运费!I19 -> 994.50 | T61: =广诚DHL运费!I20 -> 1,042.50 | U61: =广诚DHL运费!I21 -> 1,090.50 | V61: =广诚DHL运费!I22 -> 1,138.50 | W61: =广诚DHL运费!I23 -> 1,181.10 | X61: =广诚DHL运费!I24 -> 1,223.70 | Y61: =广诚DHL运费!I25 -> 1,266.30 | Z61: =广诚DHL运费!I26 -> 1,308.90 | AA61: =广诚DHL运费!I27 -> 1,351.50 | AB61: =广诚DHL运费!I28 -> 1,394.10 | AC61: =广诚DHL运费!I29 -> 1,436.70 | AD61: =广诚DHL运费!I30 -> 1,479.30 | AE61: =广诚DHL运费!I31 -> 1,521.90 | AF61: =广诚DHL运费!I32 -> 1,564.50 | AG61: =广诚DHL运费!I33 -> 1,607.10 | AH61: =广诚DHL运费!I34 -> 1,649.70 | AI61: =广诚DHL运费!I35 -> 1,692.30 | AJ61: =广诚DHL运费!I36 -> 1,734.90 | AK61: =广诚DHL运费!I37 -> 1,777.50 | AL61: =广诚DHL运费!I38 -> 1,820.10 | AM61: =广诚DHL运费!I39 -> 1,862.70 | AN61: =广诚DHL运费!I40 -> 1,905.30 | AO61: =广诚DHL运费!I41 -> 1,947.90 | AP61: =广诚DHL运费!I42 -> 1,990.50 | AQ61: 968.25 | AR61: 988.05 | AS61: 1007.85 | AT61: 1027.65 | AU61: 1047.45 | AV61: 1067.25 | AW61: 1087.05 | AX61: 1106.85 | AY61: 1126.65 | AZ61: 1146.45 | BA61: 1166.25 | BB61: 1186.05 | BC61: 1205.85 | BD61: 1225.65 | BE61: 1245.45 | BF61: 1265.25 | BG61: 1285.05 | BH61: 1304.85 | BI61: 1324.65 | BJ61: 1344.45
A62: 阿拉伯联合酋长国 | B62: 8 | C62: =广诚DHL运费!J3 -> 246.90 | D62: =广诚DHL运费!J4 -> 311.70 | E62: =广诚DHL运费!J5 -> 376.50 | F62: =广诚DHL运费!J6 -> 441.30 | G62: =广诚DHL运费!J7 -> 506.10 | H62: =广诚DHL运费!J8 -> 570.90 | I62: =广诚DHL运费!J9 -> 635.70 | J62: =广诚DHL运费!J10 -> 700.50 | K62: =广诚DHL运费!J11 -> 765.30 | L62: =广诚DHL运费!J12 -> 830.10 | M62: =广诚DHL运费!J13 -> 888.30 | N62: =广诚DHL运费!J14 -> 946.50 | O62: =广诚DHL运费!J15 -> 1,004.70 | P62: =广诚DHL运费!J16 -> 1,062.90 | Q62: =广诚DHL运费!J17 -> 1,121.10 | R62: =广诚DHL运费!J18 -> 1,179.30 | S62: =广诚DHL运费!J19 -> 1,237.50 | T62: =广诚DHL运费!J20 -> 1,295.70 | U62: =广诚DHL运费!J21 -> 1,353.90 | V62: =广诚DHL运费!J22 -> 1,412.10 | W62: =广诚DHL运费!J23 -> 1,463.10 | X62: =广诚DHL运费!J24 -> 1,514.10 | Y62: =广诚DHL运费!J25 -> 1,565.10 | Z62: =广诚DHL运费!J26 -> 1,616.10 | AA62: =广诚DHL运费!J27 -> 1,667.10 | AB62: =广诚DHL运费!J28 -> 1,718.10 | AC62: =广诚DHL运费!J29 -> 1,769.10 | AD62: =广诚DHL运费!J30 -> 1,820.10 | AE62: =广诚DHL运费!J31 -> 1,871.10 | AF62: =广诚DHL运费!J32 -> 1,922.10 | AG62: =广诚DHL运费!J33 -> 1,973.10 | AH62: =广诚DHL运费!J34 -> 2,024.10 | AI62: =广诚DHL运费!J35 -> 2,075.10 | AJ62: =广诚DHL运费!J36 -> 2,126.10 | AK62: =广诚DHL运费!J37 -> 2,177.10 | AL62: =广诚DHL运费!J38 -> 2,228.10 | AM62: =广诚DHL运费!J39 -> 2,279.10 | AN62: =广诚DHL运费!J40 -> 2,330.10 | AO62: =广诚DHL运费!J41 -> 2,381.10 | AP62: =广诚DHL运费!J42 -> 2,432.10 | AQ62: 1025.44 | AR62: 1046.11 | AS62: 1066.78 | AT62: 1087.45 | AU62: 1108.12 | AV62: 1128.79 | AW62: 1149.46 | AX62: 1170.13 | AY62: 1190.8 | AZ62: 1211.47 | BA62: 1232.14 | BB62: 1252.81 | BC62: 1273.48 | BD62: 1294.15 | BE62: 1314.82 | BF62: 1335.49 | BG62: 1356.16 | BH62: 1376.83 | BI62: 1397.5 | BJ62: 1418.17
A63: 巴林 | B63: 8 | C63: =广诚DHL运费!J3 -> 246.90 | D63: =广诚DHL运费!J4 -> 311.70 | E63: =广诚DHL运费!J5 -> 376.50 | F63: =广诚DHL运费!J6 -> 441.30 | G63: =广诚DHL运费!J7 -> 506.10 | H63: =广诚DHL运费!J8 -> 570.90 | I63: =广诚DHL运费!J9 -> 635.70 | J63: =广诚DHL运费!J10 -> 700.50 | K63: =广诚DHL运费!J11 -> 765.30 | L63: =广诚DHL运费!J12 -> 830.10 | M63: =广诚DHL运费!J13 -> 888.30 | N63: =广诚DHL运费!J14 -> 946.50 | O63: =广诚DHL运费!J15 -> 1,004.70 | P63: =广诚DHL运费!J16 -> 1,062.90 | Q63: =广诚DHL运费!J17 -> 1,121.10 | R63: =广诚DHL运费!J18 -> 1,179.30 | S63: =广诚DHL运费!J19 -> 1,237.50 | T63: =广诚DHL运费!J20 -> 1,295.70 | U63: =广诚DHL运费!J21 -> 1,353.90 | V63: =广诚DHL运费!J22 -> 1,412.10 | W63: =广诚DHL运费!J23 -> 1,463.10 | X63: =广诚DHL运费!J24 -> 1,514.10 | Y63: =广诚DHL运费!J25 -> 1,565.10 | Z63: =广诚DHL运费!J26 -> 1,616.10 | AA63: =广诚DHL运费!J27 -> 1,667.10 | AB63: =广诚DHL运费!J28 -> 1,718.10 | AC63: =广诚DHL运费!J29 -> 1,769.10 | AD63: =广诚DHL运费!J30 -> 1,820.10 | AE63: =广诚DHL运费!J31 -> 1,871.10 | AF63: =广诚DHL运费!J32 -> 1,922.10 | AG63: =广诚DHL运费!J33 -> 1,973.10 | AH63: =广诚DHL运费!J34 -> 2,024.10 | AI63: =广诚DHL运费!J35 -> 2,075.10 | AJ63: =广诚DHL运费!J36 -> 2,126.10 | AK63: =广诚DHL运费!J37 -> 2,177.10 | AL63: =广诚DHL运费!J38 -> 2,228.10 | AM63: =广诚DHL运费!J39 -> 2,279.10 | AN63: =广诚DHL运费!J40 -> 2,330.10 | AO63: =广诚DHL运费!J41 -> 2,381.10 | AP63: =广诚DHL运费!J42 -> 2,432.10 | AQ63: 1025.44 | AR63: 1046.11 | AS63: 1066.78 | AT63: 1087.45 | AU63: 1108.12 | AV63: 1128.79 | AW63: 1149.46 | AX63: 1170.13 | AY63: 1190.8 | AZ63: 1211.47 | BA63: 1232.14 | BB63: 1252.81 | BC63: 1273.48 | BD63: 1294.15 | BE63: 1314.82 | BF63: 1335.49 | BG63: 1356.16 | BH63: 1376.83 | BI63: 1397.5 | BJ63: 1418.17
A64: 埃及 | B64: 8 | C64: =广诚DHL运费!J3 -> 246.90 | D64: =广诚DHL运费!J4 -> 311.70 | E64: =广诚DHL运费!J5 -> 376.50 | F64: =广诚DHL运费!J6 -> 441.30 | G64: =广诚DHL运费!J7 -> 506.10 | H64: =广诚DHL运费!J8 -> 570.90 | I64: =广诚DHL运费!J9 -> 635.70 | J64: =广诚DHL运费!J10 -> 700.50 | K64: =广诚DHL运费!J11 -> 765.30 | L64: =广诚DHL运费!J12 -> 830.10 | M64: =广诚DHL运费!J13 -> 888.30 | N64: =广诚DHL运费!J14 -> 946.50 | O64: =广诚DHL运费!J15 -> 1,004.70 | P64: =广诚DHL运费!J16 -> 1,062.90 | Q64: =广诚DHL运费!J17 -> 1,121.10 | R64: =广诚DHL运费!J18 -> 1,179.30 | S64: =广诚DHL运费!J19 -> 1,237.50 | T64: =广诚DHL运费!J20 -> 1,295.70 | U64: =广诚DHL运费!J21 -> 1,353.90 | V64: =广诚DHL运费!J22 -> 1,412.10 | W64: =广诚DHL运费!J23 -> 1,463.10 | X64: =广诚DHL运费!J24 -> 1,514.10 | Y64: =广诚DHL运费!J25 -> 1,565.10 | Z64: =广诚DHL运费!J26 -> 1,616.10 | AA64: =广诚DHL运费!J27 -> 1,667.10 | AB64: =广诚DHL运费!J28 -> 1,718.10 | AC64: =广诚DHL运费!J29 -> 1,769.10 | AD64: =广诚DHL运费!J30 -> 1,820.10 | AE64: =广诚DHL运费!J31 -> 1,871.10 | AF64: =广诚DHL运费!J32 -> 1,922.10 | AG64: =广诚DHL运费!J33 -> 1,973.10 | AH64: =广诚DHL运费!J34 -> 2,024.10 | AI64: =广诚DHL运费!J35 -> 2,075.10 | AJ64: =广诚DHL运费!J36 -> 2,126.10 | AK64: =广诚DHL运费!J37 -> 2,177.10 | AL64: =广诚DHL运费!J38 -> 2,228.10 | AM64: =广诚DHL运费!J39 -> 2,279.10 | AN64: =广诚DHL运费!J40 -> 2,330.10 | AO64: =广诚DHL运费!J41 -> 2,381.10 | AP64: =广诚DHL运费!J42 -> 2,432.10 | AQ64: 1025.44 | AR64: 1046.11 | AS64: 1066.78 | AT64: 1087.45 | AU64: 1108.12 | AV64: 1128.79 | AW64: 1149.46 | AX64: 1170.13 | AY64: 1190.8 | AZ64: 1211.47 | BA64: 1232.14 | BB64: 1252.81 | BC64: 1273.48 | BD64: 1294.15 | BE64: 1314.82 | BF64: 1335.49 | BG64: 1356.16 | BH64: 1376.83 | BI64: 1397.5 | BJ64: 1418.17
A65: 以色列 | B65: 8 | C65: =广诚DHL运费!J3 -> 246.90 | D65: =广诚DHL运费!J4 -> 311.70 | E65: =广诚DHL运费!J5 -> 376.50 | F65: =广诚DHL运费!J6 -> 441.30 | G65: =广诚DHL运费!J7 -> 506.10 | H65: =广诚DHL运费!J8 -> 570.90 | I65: =广诚DHL运费!J9 -> 635.70 | J65: =广诚DHL运费!J10 -> 700.50 | K65: =广诚DHL运费!J11 -> 765.30 | L65: =广诚DHL运费!J12 -> 830.10 | M65: =广诚DHL运费!J13 -> 888.30 | N65: =广诚DHL运费!J14 -> 946.50 | O65: =广诚DHL运费!J15 -> 1,004.70 | P65: =广诚DHL运费!J16 -> 1,062.90 | Q65: =广诚DHL运费!J17 -> 1,121.10 | R65: =广诚DHL运费!J18 -> 1,179.30 | S65: =广诚DHL运费!J19 -> 1,237.50 | T65: =广诚DHL运费!J20 -> 1,295.70 | U65: =广诚DHL运费!J21 -> 1,353.90 | V65: =广诚DHL运费!J22 -> 1,412.10 | W65: =广诚DHL运费!J23 -> 1,463.10 | X65: =广诚DHL运费!J24 -> 1,514.10 | Y65: =广诚DHL运费!J25 -> 1,565.10 | Z65: =广诚DHL运费!J26 -> 1,616.10 | AA65: =广诚DHL运费!J27 -> 1,667.10 | AB65: =广诚DHL运费!J28 -> 1,718.10 | AC65: =广诚DHL运费!J29 -> 1,769.10 | AD65: =广诚DHL运费!J30 -> 1,820.10 | AE65: =广诚DHL运费!J31 -> 1,871.10 | AF65: =广诚DHL运费!J32 -> 1,922.10 | AG65: =广诚DHL运费!J33 -> 1,973.10 | AH65: =广诚DHL运费!J34 -> 2,024.10 | AI65: =广诚DHL运费!J35 -> 2,075.10 | AJ65: =广诚DHL运费!J36 -> 2,126.10 | AK65: =广诚DHL运费!J37 -> 2,177.10 | AL65: =广诚DHL运费!J38 -> 2,228.10 | AM65: =广诚DHL运费!J39 -> 2,279.10 | AN65: =广诚DHL运费!J40 -> 2,330.10 | AO65: =广诚DHL运费!J41 -> 2,381.10 | AP65: =广诚DHL运费!J42 -> 2,432.10 | AQ65: 1025.44 | AR65: 1046.11 | AS65: 1066.78 | AT65: 1087.45 | AU65: 1108.12 | AV65: 1128.79 | AW65: 1149.46 | AX65: 1170.13 | AY65: 1190.8 | AZ65: 1211.47 | BA65: 1232.14 | BB65: 1252.81 | BC65: 1273.48 | BD65: 1294.15 | BE65: 1314.82 | BF65: 1335.49 | BG65: 1356.16 | BH65: 1376.83 | BI65: 1397.5 | BJ65: 1418.17
A66: 科威特 | B66: 8 | C66: =广诚DHL运费!J3 -> 246.90 | D66: =广诚DHL运费!J4 -> 311.70 | E66: =广诚DHL运费!J5 -> 376.50 | F66: =广诚DHL运费!J6 -> 441.30 | G66: =广诚DHL运费!J7 -> 506.10 | H66: =广诚DHL运费!J8 -> 570.90 | I66: =广诚DHL运费!J9 -> 635.70 | J66: =广诚DHL运费!J10 -> 700.50 | K66: =广诚DHL运费!J11 -> 765.30 | L66: =广诚DHL运费!J12 -> 830.10 | M66: =广诚DHL运费!J13 -> 888.30 | N66: =广诚DHL运费!J14 -> 946.50 | O66: =广诚DHL运费!J15 -> 1,004.70 | P66: =广诚DHL运费!J16 -> 1,062.90 | Q66: =广诚DHL运费!J17 -> 1,121.10 | R66: =广诚DHL运费!J18 -> 1,179.30 | S66: =广诚DHL运费!J19 -> 1,237.50 | T66: =广诚DHL运费!J20 -> 1,295.70 | U66: =广诚DHL运费!J21 -> 1,353.90 | V66: =广诚DHL运费!J22 -> 1,412.10 | W66: =广诚DHL运费!J23 -> 1,463.10 | X66: =广诚DHL运费!J24 -> 1,514.10 | Y66: =广诚DHL运费!J25 -> 1,565.10 | Z66: =广诚DHL运费!J26 -> 1,616.10 | AA66: =广诚DHL运费!J27 -> 1,667.10 | AB66: =广诚DHL运费!J28 -> 1,718.10 | AC66: =广诚DHL运费!J29 -> 1,769.10 | AD66: =广诚DHL运费!J30 -> 1,820.10 | AE66: =广诚DHL运费!J31 -> 1,871.10 | AF66: =广诚DHL运费!J32 -> 1,922.10 | AG66: =广诚DHL运费!J33 -> 1,973.10 | AH66: =广诚DHL运费!J34 -> 2,024.10 | AI66: =广诚DHL运费!J35 -> 2,075.10 | AJ66: =广诚DHL运费!J36 -> 2,126.10 | AK66: =广诚DHL运费!J37 -> 2,177.10 | AL66: =广诚DHL运费!J38 -> 2,228.10 | AM66: =广诚DHL运费!J39 -> 2,279.10 | AN66: =广诚DHL运费!J40 -> 2,330.10 | AO66: =广诚DHL运费!J41 -> 2,381.10 | AP66: =广诚DHL运费!J42 -> 2,432.10 | AQ66: 1025.44 | AR66: 1046.11 | AS66: 1066.78 | AT66: 1087.45 | AU66: 1108.12 | AV66: 1128.79 | AW66: 1149.46 | AX66: 1170.13 | AY66: 1190.8 | AZ66: 1211.47 | BA66: 1232.14 | BB66: 1252.81 | BC66: 1273.48 | BD66: 1294.15 | BE66: 1314.82 | BF66: 1335.49 | BG66: 1356.16 | BH66: 1376.83 | BI66: 1397.5 | BJ66: 1418.17
A67: 沙特阿拉伯 | B67: 8 | C67: =广诚DHL运费!J3 -> 246.90 | D67: =广诚DHL运费!J4 -> 311.70 | E67: =广诚DHL运费!J5 -> 376.50 | F67: =广诚DHL运费!J6 -> 441.30 | G67: =广诚DHL运费!J7 -> 506.10 | H67: =广诚DHL运费!J8 -> 570.90 | I67: =广诚DHL运费!J9 -> 635.70 | J67: =广诚DHL运费!J10 -> 700.50 | K67: =广诚DHL运费!J11 -> 765.30 | L67: =广诚DHL运费!J12 -> 830.10 | M67: =广诚DHL运费!J13 -> 888.30 | N67: =广诚DHL运费!J14 -> 946.50 | O67: =广诚DHL运费!J15 -> 1,004.70 | P67: =广诚DHL运费!J16 -> 1,062.90 | Q67: =广诚DHL运费!J17 -> 1,121.10 | R67: =广诚DHL运费!J18 -> 1,179.30 | S67: =广诚DHL运费!J19 -> 1,237.50 | T67: =广诚DHL运费!J20 -> 1,295.70 | U67: =广诚DHL运费!J21 -> 1,353.90 | V67: =广诚DHL运费!J22 -> 1,412.10 | W67: =广诚DHL运费!J23 -> 1,463.10 | X67: =广诚DHL运费!J24 -> 1,514.10 | Y67: =广诚DHL运费!J25 -> 1,565.10 | Z67: =广诚DHL运费!J26 -> 1,616.10 | AA67: =广诚DHL运费!J27 -> 1,667.10 | AB67: =广诚DHL运费!J28 -> 1,718.10 | AC67: =广诚DHL运费!J29 -> 1,769.10 | AD67: =广诚DHL运费!J30 -> 1,820.10 | AE67: =广诚DHL运费!J31 -> 1,871.10 | AF67: =广诚DHL运费!J32 -> 1,922.10 | AG67: =广诚DHL运费!J33 -> 1,973.10 | AH67: =广诚DHL运费!J34 -> 2,024.10 | AI67: =广诚DHL运费!J35 -> 2,075.10 | AJ67: =广诚DHL运费!J36 -> 2,126.10 | AK67: =广诚DHL运费!J37 -> 2,177.10 | AL67: =广诚DHL运费!J38 -> 2,228.10 | AM67: =广诚DHL运费!J39 -> 2,279.10 | AN67: =广诚DHL运费!J40 -> 2,330.10 | AO67: =广诚DHL运费!J41 -> 2,381.10 | AP67: =广诚DHL运费!J42 -> 2,432.10 | AQ67: 1025.44 | AR67: 1046.11 | AS67: 1066.78 | AT67: 1087.45 | AU67: 1108.12 | AV67: 1128.79 | AW67: 1149.46 | AX67: 1170.13 | AY67: 1190.8 | AZ67: 1211.47 | BA67: 1232.14 | BB67: 1252.81 | BC67: 1273.48 | BD67: 1294.15 | BE67: 1314.82 | BF67: 1335.49 | BG67: 1356.16 | BH67: 1376.83 | BI67: 1397.5 | BJ67: 1418.17
A68: 土耳其 | B68: 8 | C68: =广诚DHL运费!J3 -> 246.90 | D68: =广诚DHL运费!J4 -> 311.70 | E68: =广诚DHL运费!J5 -> 376.50 | F68: =广诚DHL运费!J6 -> 441.30 | G68: =广诚DHL运费!J7 -> 506.10 | H68: =广诚DHL运费!J8 -> 570.90 | I68: =广诚DHL运费!J9 -> 635.70 | J68: =广诚DHL运费!J10 -> 700.50 | K68: =广诚DHL运费!J11 -> 765.30 | L68: =广诚DHL运费!J12 -> 830.10 | M68: =广诚DHL运费!J13 -> 888.30 | N68: =广诚DHL运费!J14 -> 946.50 | O68: =广诚DHL运费!J15 -> 1,004.70 | P68: =广诚DHL运费!J16 -> 1,062.90 | Q68: =广诚DHL运费!J17 -> 1,121.10 | R68: =广诚DHL运费!J18 -> 1,179.30 | S68: =广诚DHL运费!J19 -> 1,237.50 | T68: =广诚DHL运费!J20 -> 1,295.70 | U68: =广诚DHL运费!J21 -> 1,353.90 | V68: =广诚DHL运费!J22 -> 1,412.10 | W68: =广诚DHL运费!J23 -> 1,463.10 | X68: =广诚DHL运费!J24 -> 1,514.10 | Y68: =广诚DHL运费!J25 -> 1,565.10 | Z68: =广诚DHL运费!J26 -> 1,616.10 | AA68: =广诚DHL运费!J27 -> 1,667.10 | AB68: =广诚DHL运费!J28 -> 1,718.10 | AC68: =广诚DHL运费!J29 -> 1,769.10 | AD68: =广诚DHL运费!J30 -> 1,820.10 | AE68: =广诚DHL运费!J31 -> 1,871.10 | AF68: =广诚DHL运费!J32 -> 1,922.10 | AG68: =广诚DHL运费!J33 -> 1,973.10 | AH68: =广诚DHL运费!J34 -> 2,024.10 | AI68: =广诚DHL运费!J35 -> 2,075.10 | AJ68: =广诚DHL运费!J36 -> 2,126.10 | AK68: =广诚DHL运费!J37 -> 2,177.10 | AL68: =广诚DHL运费!J38 -> 2,228.10 | AM68: =广诚DHL运费!J39 -> 2,279.10 | AN68: =广诚DHL运费!J40 -> 2,330.10 | AO68: =广诚DHL运费!J41 -> 2,381.10 | AP68: =广诚DHL运费!J42 -> 2,432.10 | AQ68: 1025.44 | AR68: 1046.11 | AS68: 1066.78 | AT68: 1087.45 | AU68: 1108.12 | AV68: 1128.79 | AW68: 1149.46 | AX68: 1170.13 | AY68: 1190.8 | AZ68: 1211.47 | BA68: 1232.14 | BB68: 1252.81 | BC68: 1273.48 | BD68: 1294.15 | BE68: 1314.82 | BF68: 1335.49 | BG68: 1356.16 | BH68: 1376.83 | BI68: 1397.5 | BJ68: 1418.17
A69: 阿富汗 | B69: 9 | C69: =广诚DHL运费!K3 -> 370.50 | D69: =广诚DHL运费!K4 -> 453.00 | E69: =广诚DHL运费!K5 -> 535.50 | F69: =广诚DHL运费!K6 -> 618.00 | G69: =广诚DHL运费!K7 -> 700.50 | H69: =广诚DHL运费!K8 -> 782.70 | I69: =广诚DHL运费!K9 -> 864.90 | J69: =广诚DHL运费!K10 -> 947.10 | K69: =广诚DHL运费!K11 -> 1,029.30 | L69: =广诚DHL运费!K12 -> 1,111.50 | M69: =广诚DHL运费!K13 -> 1,185.60 | N69: =广诚DHL运费!K14 -> 1,259.70 | O69: =广诚DHL运费!K15 -> 1,333.80 | P69: =广诚DHL运费!K16 -> 1,407.90 | Q69: =广诚DHL运费!K17 -> 1,482.00 | R69: =广诚DHL运费!K18 -> 1,556.10 | S69: =广诚DHL运费!K19 -> 1,630.20 | T69: =广诚DHL运费!K20 -> 1,704.30 | U69: =广诚DHL运费!K21 -> 1,778.40 | V69: =广诚DHL运费!K22 -> 1,852.50 | W69: =广诚DHL运费!K23 -> 1,920.60 | X69: =广诚DHL运费!K24 -> 1,988.70 | Y69: =广诚DHL运费!K25 -> 2,056.80 | Z69: =广诚DHL运费!K26 -> 2,124.90 | AA69: =广诚DHL运费!K27 -> 2,193.00 | AB69: =广诚DHL运费!K28 -> 2,261.10 | AC69: =广诚DHL运费!K29 -> 2,329.20 | AD69: =广诚DHL运费!K30 -> 2,397.30 | AE69: =广诚DHL运费!K31 -> 2,465.40 | AF69: =广诚DHL运费!K32 -> 2,533.50 | AG69: =广诚DHL运费!K33 -> 2,601.60 | AH69: =广诚DHL运费!K34 -> 2,669.70 | AI69: =广诚DHL运费!K35 -> 2,737.80 | AJ69: =广诚DHL运费!K36 -> 2,805.90 | AK69: =广诚DHL运费!K37 -> 2,874.00 | AL69: =广诚DHL运费!K38 -> 2,942.10 | AM69: =广诚DHL运费!K39 -> 3,010.20 | AN69: =广诚DHL运费!K40 -> 3,078.30 | AO69: =广诚DHL运费!K41 -> 3,146.40 | AP69: =广诚DHL运费!K42 -> 3,214.50 | AQ69: 1459.92 | AR69: 1491.84 | AS69: 1523.76 | AT69: 1555.68 | AU69: 1587.6 | AV69: 1619.52 | AW69: 1651.44 | AX69: 1683.36 | AY69: 1715.28 | AZ69: 1747.2 | BA69: 1779.12 | BB69: 1811.04 | BC69: 1842.96 | BD69: 1874.88 | BE69: 1906.8 | BF69: 1938.72 | BG69: 1970.64 | BH69: 2002.56 | BI69: 2034.48 | BJ69: 2066.4
A70: 安提瓜 | B70: 9 | C70: =广诚DHL运费!K3 -> 370.50 | D70: =广诚DHL运费!K4 -> 453.00 | E70: =广诚DHL运费!K5 -> 535.50 | F70: =广诚DHL运费!K6 -> 618.00 | G70: =广诚DHL运费!K7 -> 700.50 | H70: =广诚DHL运费!K8 -> 782.70 | I70: =广诚DHL运费!K9 -> 864.90 | J70: =广诚DHL运费!K10 -> 947.10 | K70: =广诚DHL运费!K11 -> 1,029.30 | L70: =广诚DHL运费!K12 -> 1,111.50 | M70: =广诚DHL运费!K13 -> 1,185.60 | N70: =广诚DHL运费!K14 -> 1,259.70 | O70: =广诚DHL运费!K15 -> 1,333.80 | P70: =广诚DHL运费!K16 -> 1,407.90 | Q70: =广诚DHL运费!K17 -> 1,482.00 | R70: =广诚DHL运费!K18 -> 1,556.10 | S70: =广诚DHL运费!K19 -> 1,630.20 | T70: =广诚DHL运费!K20 -> 1,704.30 | U70: =广诚DHL运费!K21 -> 1,778.40 | V70: =广诚DHL运费!K22 -> 1,852.50 | W70: =广诚DHL运费!K23 -> 1,920.60 | X70: =广诚DHL运费!K24 -> 1,988.70 | Y70: =广诚DHL运费!K25 -> 2,056.80 | Z70: =广诚DHL运费!K26 -> 2,124.90 | AA70: =广诚DHL运费!K27 -> 2,193.00 | AB70: =广诚DHL运费!K28 -> 2,261.10 | AC70: =广诚DHL运费!K29 -> 2,329.20 | AD70: =广诚DHL运费!K30 -> 2,397.30 | AE70: =广诚DHL运费!K31 -> 2,465.40 | AF70: =广诚DHL运费!K32 -> 2,533.50 | AG70: =广诚DHL运费!K33 -> 2,601.60 | AH70: =广诚DHL运费!K34 -> 2,669.70 | AI70: =广诚DHL运费!K35 -> 2,737.80 | AJ70: =广诚DHL运费!K36 -> 2,805.90 | AK70: =广诚DHL运费!K37 -> 2,874.00 | AL70: =广诚DHL运费!K38 -> 2,942.10 | AM70: =广诚DHL运费!K39 -> 3,010.20 | AN70: =广诚DHL运费!K40 -> 3,078.30 | AO70: =广诚DHL运费!K41 -> 3,146.40 | AP70: =广诚DHL运费!K42 -> 3,214.50 | AQ70: 1459.92 | AR70: 1491.84 | AS70: 1523.76 | AT70: 1555.68 | AU70: 1587.6 | AV70: 1619.52 | AW70: 1651.44 | AX70: 1683.36 | AY70: 1715.28 | AZ70: 1747.2 | BA70: 1779.12 | BB70: 1811.04 | BC70: 1842.96 | BD70: 1874.88 | BE70: 1906.8 | BF70: 1938.72 | BG70: 1970.64 | BH70: 2002.56 | BI70: 2034.48 | BJ70: 2066.4
A71: 安圭拉 | B71: 9 | C71: =广诚DHL运费!K3 -> 370.50 | D71: =广诚DHL运费!K4 -> 453.00 | E71: =广诚DHL运费!K5 -> 535.50 | F71: =广诚DHL运费!K6 -> 618.00 | G71: =广诚DHL运费!K7 -> 700.50 | H71: =广诚DHL运费!K8 -> 782.70 | I71: =广诚DHL运费!K9 -> 864.90 | J71: =广诚DHL运费!K10 -> 947.10 | K71: =广诚DHL运费!K11 -> 1,029.30 | L71: =广诚DHL运费!K12 -> 1,111.50 | M71: =广诚DHL运费!K13 -> 1,185.60 | N71: =广诚DHL运费!K14 -> 1,259.70 | O71: =广诚DHL运费!K15 -> 1,333.80 | P71: =广诚DHL运费!K16 -> 1,407.90 | Q71: =广诚DHL运费!K17 -> 1,482.00 | R71: =广诚DHL运费!K18 -> 1,556.10 | S71: =广诚DHL运费!K19 -> 1,630.20 | T71: =广诚DHL运费!K20 -> 1,704.30 | U71: =广诚DHL运费!K21 -> 1,778.40 | V71: =广诚DHL运费!K22 -> 1,852.50 | W71: =广诚DHL运费!K23 -> 1,920.60 | X71: =广诚DHL运费!K24 -> 1,988.70 | Y71: =广诚DHL运费!K25 -> 2,056.80 | Z71: =广诚DHL运费!K26 -> 2,124.90 | AA71: =广诚DHL运费!K27 -> 2,193.00 | AB71: =广诚DHL运费!K28 -> 2,261.10 | AC71: =广诚DHL运费!K29 -> 2,329.20 | AD71: =广诚DHL运费!K30 -> 2,397.30 | AE71: =广诚DHL运费!K31 -> 2,465.40 | AF71: =广诚DHL运费!K32 -> 2,533.50 | AG71: =广诚DHL运费!K33 -> 2,601.60 | AH71: =广诚DHL运费!K34 -> 2,669.70 | AI71: =广诚DHL运费!K35 -> 2,737.80 | AJ71: =广诚DHL运费!K36 -> 2,805.90 | AK71: =广诚DHL运费!K37 -> 2,874.00 | AL71: =广诚DHL运费!K38 -> 2,942.10 | AM71: =广诚DHL运费!K39 -> 3,010.20 | AN71: =广诚DHL运费!K40 -> 3,078.30 | AO71: =广诚DHL运费!K41 -> 3,146.40 | AP71: =广诚DHL运费!K42 -> 3,214.50 | AQ71: 1459.92 | AR71: 1491.84 | AS71: 1523.76 | AT71: 1555.68 | AU71: 1587.6 | AV71: 1619.52 | AW71: 1651.44 | AX71: 1683.36 | AY71: 1715.28 | AZ71: 1747.2 | BA71: 1779.12 | BB71: 1811.04 | BC71: 1842.96 | BD71: 1874.88 | BE71: 1906.8 | BF71: 1938.72 | BG71: 1970.64 | BH71: 2002.56 | BI71: 2034.48 | BJ71: 2066.4
A72: 阿尔巴尼亚 | B72: 9 | C72: =广诚DHL运费!K3 -> 370.50 | D72: =广诚DHL运费!K4 -> 453.00 | E72: =广诚DHL运费!K5 -> 535.50 | F72: =广诚DHL运费!K6 -> 618.00 | G72: =广诚DHL运费!K7 -> 700.50 | H72: =广诚DHL运费!K8 -> 782.70 | I72: =广诚DHL运费!K9 -> 864.90 | J72: =广诚DHL运费!K10 -> 947.10 | K72: =广诚DHL运费!K11 -> 1,029.30 | L72: =广诚DHL运费!K12 -> 1,111.50 | M72: =广诚DHL运费!K13 -> 1,185.60 | N72: =广诚DHL运费!K14 -> 1,259.70 | O72: =广诚DHL运费!K15 -> 1,333.80 | P72: =广诚DHL运费!K16 -> 1,407.90 | Q72: =广诚DHL运费!K17 -> 1,482.00 | R72: =广诚DHL运费!K18 -> 1,556.10 | S72: =广诚DHL运费!K19 -> 1,630.20 | T72: =广诚DHL运费!K20 -> 1,704.30 | U72: =广诚DHL运费!K21 -> 1,778.40 | V72: =广诚DHL运费!K22 -> 1,852.50 | W72: =广诚DHL运费!K23 -> 1,920.60 | X72: =广诚DHL运费!K24 -> 1,988.70 | Y72: =广诚DHL运费!K25 -> 2,056.80 | Z72: =广诚DHL运费!K26 -> 2,124.90 | AA72: =广诚DHL运费!K27 -> 2,193.00 | AB72: =广诚DHL运费!K28 -> 2,261.10 | AC72: =广诚DHL运费!K29 -> 2,329.20 | AD72: =广诚DHL运费!K30 -> 2,397.30 | AE72: =广诚DHL运费!K31 -> 2,465.40 | AF72: =广诚DHL运费!K32 -> 2,533.50 | AG72: =广诚DHL运费!K33 -> 2,601.60 | AH72: =广诚DHL运费!K34 -> 2,669.70 | AI72: =广诚DHL运费!K35 -> 2,737.80 | AJ72: =广诚DHL运费!K36 -> 2,805.90 | AK72: =广诚DHL运费!K37 -> 2,874.00 | AL72: =广诚DHL运费!K38 -> 2,942.10 | AM72: =广诚DHL运费!K39 -> 3,010.20 | AN72: =广诚DHL运费!K40 -> 3,078.30 | AO72: =广诚DHL运费!K41 -> 3,146.40 | AP72: =广诚DHL运费!K42 -> 3,214.50 | AQ72: 1459.92 | AR72: 1491.84 | AS72: 1523.76 | AT72: 1555.68 | AU72: 1587.6 | AV72: 1619.52 | AW72: 1651.44 | AX72: 1683.36 | AY72: 1715.28 | AZ72: 1747.2 | BA72: 1779.12 | BB72: 1811.04 | BC72: 1842.96 | BD72: 1874.88 | BE72: 1906.8 | BF72: 1938.72 | BG72: 1970.64 | BH72: 2002.56 | BI72: 2034.48 | BJ72: 2066.4
A73: 亚美尼亚 | B73: 9 | C73: =广诚DHL运费!K3 -> 370.50 | D73: =广诚DHL运费!K4 -> 453.00 | E73: =广诚DHL运费!K5 -> 535.50 | F73: =广诚DHL运费!K6 -> 618.00 | G73: =广诚DHL运费!K7 -> 700.50 | H73: =广诚DHL运费!K8 -> 782.70 | I73: =广诚DHL运费!K9 -> 864.90 | J73: =广诚DHL运费!K10 -> 947.10 | K73: =广诚DHL运费!K11 -> 1,029.30 | L73: =广诚DHL运费!K12 -> 1,111.50 | M73: =广诚DHL运费!K13 -> 1,185.60 | N73: =广诚DHL运费!K14 -> 1,259.70 | O73: =广诚DHL运费!K15 -> 1,333.80 | P73: =广诚DHL运费!K16 -> 1,407.90 | Q73: =广诚DHL运费!K17 -> 1,482.00 | R73: =广诚DHL运费!K18 -> 1,556.10 | S73: =广诚DHL运费!K19 -> 1,630.20 | T73: =广诚DHL运费!K20 -> 1,704.30 | U73: =广诚DHL运费!K21 -> 1,778.40 | V73: =广诚DHL运费!K22 -> 1,852.50 | W73: =广诚DHL运费!K23 -> 1,920.60 | X73: =广诚DHL运费!K24 -> 1,988.70 | Y73: =广诚DHL运费!K25 -> 2,056.80 | Z73: =广诚DHL运费!K26 -> 2,124.90 | AA73: =广诚DHL运费!K27 -> 2,193.00 | AB73: =广诚DHL运费!K28 -> 2,261.10 | AC73: =广诚DHL运费!K29 -> 2,329.20 | AD73: =广诚DHL运费!K30 -> 2,397.30 | AE73: =广诚DHL运费!K31 -> 2,465.40 | AF73: =广诚DHL运费!K32 -> 2,533.50 | AG73: =广诚DHL运费!K33 -> 2,601.60 | AH73: =广诚DHL运费!K34 -> 2,669.70 | AI73: =广诚DHL运费!K35 -> 2,737.80 | AJ73: =广诚DHL运费!K36 -> 2,805.90 | AK73: =广诚DHL运费!K37 -> 2,874.00 | AL73: =广诚DHL运费!K38 -> 2,942.10 | AM73: =广诚DHL运费!K39 -> 3,010.20 | AN73: =广诚DHL运费!K40 -> 3,078.30 | AO73: =广诚DHL运费!K41 -> 3,146.40 | AP73: =广诚DHL运费!K42 -> 3,214.50 | AQ73: 1459.92 | AR73: 1491.84 | AS73: 1523.76 | AT73: 1555.68 | AU73: 1587.6 | AV73: 1619.52 | AW73: 1651.44 | AX73: 1683.36 | AY73: 1715.28 | AZ73: 1747.2 | BA73: 1779.12 | BB73: 1811.04 | BC73: 1842.96 | BD73: 1874.88 | BE73: 1906.8 | BF73: 1938.72 | BG73: 1970.64 | BH73: 2002.56 | BI73: 2034.48 | BJ73: 2066.4
A74: 安哥拉 | B74: 9 | C74: =广诚DHL运费!K3 -> 370.50 | D74: =广诚DHL运费!K4 -> 453.00 | E74: =广诚DHL运费!K5 -> 535.50 | F74: =广诚DHL运费!K6 -> 618.00 | G74: =广诚DHL运费!K7 -> 700.50 | H74: =广诚DHL运费!K8 -> 782.70 | I74: =广诚DHL运费!K9 -> 864.90 | J74: =广诚DHL运费!K10 -> 947.10 | K74: =广诚DHL运费!K11 -> 1,029.30 | L74: =广诚DHL运费!K12 -> 1,111.50 | M74: =广诚DHL运费!K13 -> 1,185.60 | N74: =广诚DHL运费!K14 -> 1,259.70 | O74: =广诚DHL运费!K15 -> 1,333.80 | P74: =广诚DHL运费!K16 -> 1,407.90 | Q74: =广诚DHL运费!K17 -> 1,482.00 | R74: =广诚DHL运费!K18 -> 1,556.10 | S74: =广诚DHL运费!K19 -> 1,630.20 | T74: =广诚DHL运费!K20 -> 1,704.30 | U74: =广诚DHL运费!K21 -> 1,778.40 | V74: =广诚DHL运费!K22 -> 1,852.50 | W74: =广诚DHL运费!K23 -> 1,920.60 | X74: =广诚DHL运费!K24 -> 1,988.70 | Y74: =广诚DHL运费!K25 -> 2,056.80 | Z74: =广诚DHL运费!K26 -> 2,124.90 | AA74: =广诚DHL运费!K27 -> 2,193.00 | AB74: =广诚DHL运费!K28 -> 2,261.10 | AC74: =广诚DHL运费!K29 -> 2,329.20 | AD74: =广诚DHL运费!K30 -> 2,397.30 | AE74: =广诚DHL运费!K31 -> 2,465.40 | AF74: =广诚DHL运费!K32 -> 2,533.50 | AG74: =广诚DHL运费!K33 -> 2,601.60 | AH74: =广诚DHL运费!K34 -> 2,669.70 | AI74: =广诚DHL运费!K35 -> 2,737.80 | AJ74: =广诚DHL运费!K36 -> 2,805.90 | AK74: =广诚DHL运费!K37 -> 2,874.00 | AL74: =广诚DHL运费!K38 -> 2,942.10 | AM74: =广诚DHL运费!K39 -> 3,010.20 | AN74: =广诚DHL运费!K40 -> 3,078.30 | AO74: =广诚DHL运费!K41 -> 3,146.40 | AP74: =广诚DHL运费!K42 -> 3,214.50 | AQ74: 1459.92 | AR74: 1491.84 | AS74: 1523.76 | AT74: 1555.68 | AU74: 1587.6 | AV74: 1619.52 | AW74: 1651.44 | AX74: 1683.36 | AY74: 1715.28 | AZ74: 1747.2 | BA74: 1779.12 | BB74: 1811.04 | BC74: 1842.96 | BD74: 1874.88 | BE74: 1906.8 | BF74: 1938.72 | BG74: 1970.64 | BH74: 2002.56 | BI74: 2034.48 | BJ74: 2066.4
A75: 阿根廷 | B75: 9 | C75: =广诚DHL运费!K3 -> 370.50 | D75: =广诚DHL运费!K4 -> 453.00 | E75: =广诚DHL运费!K5 -> 535.50 | F75: =广诚DHL运费!K6 -> 618.00 | G75: =广诚DHL运费!K7 -> 700.50 | H75: =广诚DHL运费!K8 -> 782.70 | I75: =广诚DHL运费!K9 -> 864.90 | J75: =广诚DHL运费!K10 -> 947.10 | K75: =广诚DHL运费!K11 -> 1,029.30 | L75: =广诚DHL运费!K12 -> 1,111.50 | M75: =广诚DHL运费!K13 -> 1,185.60 | N75: =广诚DHL运费!K14 -> 1,259.70 | O75: =广诚DHL运费!K15 -> 1,333.80 | P75: =广诚DHL运费!K16 -> 1,407.90 | Q75: =广诚DHL运费!K17 -> 1,482.00 | R75: =广诚DHL运费!K18 -> 1,556.10 | S75: =广诚DHL运费!K19 -> 1,630.20 | T75: =广诚DHL运费!K20 -> 1,704.30 | U75: =广诚DHL运费!K21 -> 1,778.40 | V75: =广诚DHL运费!K22 -> 1,852.50 | W75: =广诚DHL运费!K23 -> 1,920.60 | X75: =广诚DHL运费!K24 -> 1,988.70 | Y75: =广诚DHL运费!K25 -> 2,056.80 | Z75: =广诚DHL运费!K26 -> 2,124.90 | AA75: =广诚DHL运费!K27 -> 2,193.00 | AB75: =广诚DHL运费!K28 -> 2,261.10 | AC75: =广诚DHL运费!K29 -> 2,329.20 | AD75: =广诚DHL运费!K30 -> 2,397.30 | AE75: =广诚DHL运费!K31 -> 2,465.40 | AF75: =广诚DHL运费!K32 -> 2,533.50 | AG75: =广诚DHL运费!K33 -> 2,601.60 | AH75: =广诚DHL运费!K34 -> 2,669.70 | AI75: =广诚DHL运费!K35 -> 2,737.80 | AJ75: =广诚DHL运费!K36 -> 2,805.90 | AK75: =广诚DHL运费!K37 -> 2,874.00 | AL75: =广诚DHL运费!K38 -> 2,942.10 | AM75: =广诚DHL运费!K39 -> 3,010.20 | AN75: =广诚DHL运费!K40 -> 3,078.30 | AO75: =广诚DHL运费!K41 -> 3,146.40 | AP75: =广诚DHL运费!K42 -> 3,214.50 | AQ75: 1459.92 | AR75: 1491.84 | AS75: 1523.76 | AT75: 1555.68 | AU75: 1587.6 | AV75: 1619.52 | AW75: 1651.44 | AX75: 1683.36 | AY75: 1715.28 | AZ75: 1747.2 | BA75: 1779.12 | BB75: 1811.04 | BC75: 1842.96 | BD75: 1874.88 | BE75: 1906.8 | BF75: 1938.72 | BG75: 1970.64 | BH75: 2002.56 | BI75: 2034.48 | BJ75: 2066.4
A76: 美属萨摩亚 | B76: 9 | C76: =广诚DHL运费!K3 -> 370.50 | D76: =广诚DHL运费!K4 -> 453.00 | E76: =广诚DHL运费!K5 -> 535.50 | F76: =广诚DHL运费!K6 -> 618.00 | G76: =广诚DHL运费!K7 -> 700.50 | H76: =广诚DHL运费!K8 -> 782.70 | I76: =广诚DHL运费!K9 -> 864.90 | J76: =广诚DHL运费!K10 -> 947.10 | K76: =广诚DHL运费!K11 -> 1,029.30 | L76: =广诚DHL运费!K12 -> 1,111.50 | M76: =广诚DHL运费!K13 -> 1,185.60 | N76: =广诚DHL运费!K14 -> 1,259.70 | O76: =广诚DHL运费!K15 -> 1,333.80 | P76: =广诚DHL运费!K16 -> 1,407.90 | Q76: =广诚DHL运费!K17 -> 1,482.00 | R76: =广诚DHL运费!K18 -> 1,556.10 | S76: =广诚DHL运费!K19 -> 1,630.20 | T76: =广诚DHL运费!K20 -> 1,704.30 | U76: =广诚DHL运费!K21 -> 1,778.40 | V76: =广诚DHL运费!K22 -> 1,852.50 | W76: =广诚DHL运费!K23 -> 1,920.60 | X76: =广诚DHL运费!K24 -> 1,988.70 | Y76: =广诚DHL运费!K25 -> 2,056.80 | Z76: =广诚DHL运费!K26 -> 2,124.90 | AA76: =广诚DHL运费!K27 -> 2,193.00 | AB76: =广诚DHL运费!K28 -> 2,261.10 | AC76: =广诚DHL运费!K29 -> 2,329.20 | AD76: =广诚DHL运费!K30 -> 2,397.30 | AE76: =广诚DHL运费!K31 -> 2,465.40 | AF76: =广诚DHL运费!K32 -> 2,533.50 | AG76: =广诚DHL运费!K33 -> 2,601.60 | AH76: =广诚DHL运费!K34 -> 2,669.70 | AI76: =广诚DHL运费!K35 -> 2,737.80 | AJ76: =广诚DHL运费!K36 -> 2,805.90 | AK76: =广诚DHL运费!K37 -> 2,874.00 | AL76: =广诚DHL运费!K38 -> 2,942.10 | AM76: =广诚DHL运费!K39 -> 3,010.20 | AN76: =广诚DHL运费!K40 -> 3,078.30 | AO76: =广诚DHL运费!K41 -> 3,146.40 | AP76: =广诚DHL运费!K42 -> 3,214.50 | AQ76: 1459.92 | AR76: 1491.84 | AS76: 1523.76 | AT76: 1555.68 | AU76: 1587.6 | AV76: 1619.52 | AW76: 1651.44 | AX76: 1683.36 | AY76: 1715.28 | AZ76: 1747.2 | BA76: 1779.12 | BB76: 1811.04 | BC76: 1842.96 | BD76: 1874.88 | BE76: 1906.8 | BF76: 1938.72 | BG76: 1970.64 | BH76: 2002.56 | BI76: 2034.48 | BJ76: 2066.4
A77: 阿鲁巴 | B77: 9 | C77: =广诚DHL运费!K3 -> 370.50 | D77: =广诚DHL运费!K4 -> 453.00 | E77: =广诚DHL运费!K5 -> 535.50 | F77: =广诚DHL运费!K6 -> 618.00 | G77: =广诚DHL运费!K7 -> 700.50 | H77: =广诚DHL运费!K8 -> 782.70 | I77: =广诚DHL运费!K9 -> 864.90 | J77: =广诚DHL运费!K10 -> 947.10 | K77: =广诚DHL运费!K11 -> 1,029.30 | L77: =广诚DHL运费!K12 -> 1,111.50 | M77: =广诚DHL运费!K13 -> 1,185.60 | N77: =广诚DHL运费!K14 -> 1,259.70 | O77: =广诚DHL运费!K15 -> 1,333.80 | P77: =广诚DHL运费!K16 -> 1,407.90 | Q77: =广诚DHL运费!K17 -> 1,482.00 | R77: =广诚DHL运费!K18 -> 1,556.10 | S77: =广诚DHL运费!K19 -> 1,630.20 | T77: =广诚DHL运费!K20 -> 1,704.30 | U77: =广诚DHL运费!K21 -> 1,778.40 | V77: =广诚DHL运费!K22 -> 1,852.50 | W77: =广诚DHL运费!K23 -> 1,920.60 | X77: =广诚DHL运费!K24 -> 1,988.70 | Y77: =广诚DHL运费!K25 -> 2,056.80 | Z77: =广诚DHL运费!K26 -> 2,124.90 | AA77: =广诚DHL运费!K27 -> 2,193.00 | AB77: =广诚DHL运费!K28 -> 2,261.10 | AC77: =广诚DHL运费!K29 -> 2,329.20 | AD77: =广诚DHL运费!K30 -> 2,397.30 | AE77: =广诚DHL运费!K31 -> 2,465.40 | AF77: =广诚DHL运费!K32 -> 2,533.50 | AG77: =广诚DHL运费!K33 -> 2,601.60 | AH77: =广诚DHL运费!K34 -> 2,669.70 | AI77: =广诚DHL运费!K35 -> 2,737.80 | AJ77: =广诚DHL运费!K36 -> 2,805.90 | AK77: =广诚DHL运费!K37 -> 2,874.00 | AL77: =广诚DHL运费!K38 -> 2,942.10 | AM77: =广诚DHL运费!K39 -> 3,010.20 | AN77: =广诚DHL运费!K40 -> 3,078.30 | AO77: =广诚DHL运费!K41 -> 3,146.40 | AP77: =广诚DHL运费!K42 -> 3,214.50 | AQ77: 1459.92 | AR77: 1491.84 | AS77: 1523.76 | AT77: 1555.68 | AU77: 1587.6 | AV77: 1619.52 | AW77: 1651.44 | AX77: 1683.36 | AY77: 1715.28 | AZ77: 1747.2 | BA77: 1779.12 | BB77: 1811.04 | BC77: 1842.96 | BD77: 1874.88 | BE77: 1906.8 | BF77: 1938.72 | BG77: 1970.64 | BH77: 2002.56 | BI77: 2034.48 | BJ77: 2066.4
A78: 阿塞拜疆 | B78: 9 | C78: =广诚DHL运费!K3 -> 370.50 | D78: =广诚DHL运费!K4 -> 453.00 | E78: =广诚DHL运费!K5 -> 535.50 | F78: =广诚DHL运费!K6 -> 618.00 | G78: =广诚DHL运费!K7 -> 700.50 | H78: =广诚DHL运费!K8 -> 782.70 | I78: =广诚DHL运费!K9 -> 864.90 | J78: =广诚DHL运费!K10 -> 947.10 | K78: =广诚DHL运费!K11 -> 1,029.30 | L78: =广诚DHL运费!K12 -> 1,111.50 | M78: =广诚DHL运费!K13 -> 1,185.60 | N78: =广诚DHL运费!K14 -> 1,259.70 | O78: =广诚DHL运费!K15 -> 1,333.80 | P78: =广诚DHL运费!K16 -> 1,407.90 | Q78: =广诚DHL运费!K17 -> 1,482.00 | R78: =广诚DHL运费!K18 -> 1,556.10 | S78: =广诚DHL运费!K19 -> 1,630.20 | T78: =广诚DHL运费!K20 -> 1,704.30 | U78: =广诚DHL运费!K21 -> 1,778.40 | V78: =广诚DHL运费!K22 -> 1,852.50 | W78: =广诚DHL运费!K23 -> 1,920.60 | X78: =广诚DHL运费!K24 -> 1,988.70 | Y78: =广诚DHL运费!K25 -> 2,056.80 | Z78: =广诚DHL运费!K26 -> 2,124.90 | AA78: =广诚DHL运费!K27 -> 2,193.00 | AB78: =广诚DHL运费!K28 -> 2,261.10 | AC78: =广诚DHL运费!K29 -> 2,329.20 | AD78: =广诚DHL运费!K30 -> 2,397.30 | AE78: =广诚DHL运费!K31 -> 2,465.40 | AF78: =广诚DHL运费!K32 -> 2,533.50 | AG78: =广诚DHL运费!K33 -> 2,601.60 | AH78: =广诚DHL运费!K34 -> 2,669.70 | AI78: =广诚DHL运费!K35 -> 2,737.80 | AJ78: =广诚DHL运费!K36 -> 2,805.90 | AK78: =广诚DHL运费!K37 -> 2,874.00 | AL78: =广诚DHL运费!K38 -> 2,942.10 | AM78: =广诚DHL运费!K39 -> 3,010.20 | AN78: =广诚DHL运费!K40 -> 3,078.30 | AO78: =广诚DHL运费!K41 -> 3,146.40 | AP78: =广诚DHL运费!K42 -> 3,214.50 | AQ78: 1459.92 | AR78: 1491.84 | AS78: 1523.76 | AT78: 1555.68 | AU78: 1587.6 | AV78: 1619.52 | AW78: 1651.44 | AX78: 1683.36 | AY78: 1715.28 | AZ78: 1747.2 | BA78: 1779.12 | BB78: 1811.04 | BC78: 1842.96 | BD78: 1874.88 | BE78: 1906.8 | BF78: 1938.72 | BG78: 1970.64 | BH78: 2002.56 | BI78: 2034.48 | BJ78: 2066.4
A79: 波斯尼亚和黑塞哥维那 | B79: 9 | C79: =广诚DHL运费!K3 -> 370.50 | D79: =广诚DHL运费!K4 -> 453.00 | E79: =广诚DHL运费!K5 -> 535.50 | F79: =广诚DHL运费!K6 -> 618.00 | G79: =广诚DHL运费!K7 -> 700.50 | H79: =广诚DHL运费!K8 -> 782.70 | I79: =广诚DHL运费!K9 -> 864.90 | J79: =广诚DHL运费!K10 -> 947.10 | K79: =广诚DHL运费!K11 -> 1,029.30 | L79: =广诚DHL运费!K12 -> 1,111.50 | M79: =广诚DHL运费!K13 -> 1,185.60 | N79: =广诚DHL运费!K14 -> 1,259.70 | O79: =广诚DHL运费!K15 -> 1,333.80 | P79: =广诚DHL运费!K16 -> 1,407.90 | Q79: =广诚DHL运费!K17 -> 1,482.00 | R79: =广诚DHL运费!K18 -> 1,556.10 | S79: =广诚DHL运费!K19 -> 1,630.20 | T79: =广诚DHL运费!K20 -> 1,704.30 | U79: =广诚DHL运费!K21 -> 1,778.40 | V79: =广诚DHL运费!K22 -> 1,852.50 | W79: =广诚DHL运费!K23 -> 1,920.60 | X79: =广诚DHL运费!K24 -> 1,988.70 | Y79: =广诚DHL运费!K25 -> 2,056.80 | Z79: =广诚DHL运费!K26 -> 2,124.90 | AA79: =广诚DHL运费!K27 -> 2,193.00 | AB79: =广诚DHL运费!K28 -> 2,261.10 | AC79: =广诚DHL运费!K29 -> 2,329.20 | AD79: =广诚DHL运费!K30 -> 2,397.30 | AE79: =广诚DHL运费!K31 -> 2,465.40 | AF79: =广诚DHL运费!K32 -> 2,533.50 | AG79: =广诚DHL运费!K33 -> 2,601.60 | AH79: =广诚DHL运费!K34 -> 2,669.70 | AI79: =广诚DHL运费!K35 -> 2,737.80 | AJ79: =广诚DHL运费!K36 -> 2,805.90 | AK79: =广诚DHL运费!K37 -> 2,874.00 | AL79: =广诚DHL运费!K38 -> 2,942.10 | AM79: =广诚DHL运费!K39 -> 3,010.20 | AN79: =广诚DHL运费!K40 -> 3,078.30 | AO79: =广诚DHL运费!K41 -> 3,146.40 | AP79: =广诚DHL运费!K42 -> 3,214.50 | AQ79: 1459.92 | AR79: 1491.84 | AS79: 1523.76 | AT79: 1555.68 | AU79: 1587.6 | AV79: 1619.52 | AW79: 1651.44 | AX79: 1683.36 | AY79: 1715.28 | AZ79: 1747.2 | BA79: 1779.12 | BB79: 1811.04 | BC79: 1842.96 | BD79: 1874.88 | BE79: 1906.8 | BF79: 1938.72 | BG79: 1970.64 | BH79: 2002.56 | BI79: 2034.48 | BJ79: 2066.4
A80: 巴巴多斯 | B80: 9 | C80: =广诚DHL运费!K3 -> 370.50 | D80: =广诚DHL运费!K4 -> 453.00 | E80: =广诚DHL运费!K5 -> 535.50 | F80: =广诚DHL运费!K6 -> 618.00 | G80: =广诚DHL运费!K7 -> 700.50 | H80: =广诚DHL运费!K8 -> 782.70 | I80: =广诚DHL运费!K9 -> 864.90 | J80: =广诚DHL运费!K10 -> 947.10 | K80: =广诚DHL运费!K11 -> 1,029.30 | L80: =广诚DHL运费!K12 -> 1,111.50 | M80: =广诚DHL运费!K13 -> 1,185.60 | N80: =广诚DHL运费!K14 -> 1,259.70 | O80: =广诚DHL运费!K15 -> 1,333.80 | P80: =广诚DHL运费!K16 -> 1,407.90 | Q80: =广诚DHL运费!K17 -> 1,482.00 | R80: =广诚DHL运费!K18 -> 1,556.10 | S80: =广诚DHL运费!K19 -> 1,630.20 | T80: =广诚DHL运费!K20 -> 1,704.30 | U80: =广诚DHL运费!K21 -> 1,778.40 | V80: =广诚DHL运费!K22 -> 1,852.50 | W80: =广诚DHL运费!K23 -> 1,920.60 | X80: =广诚DHL运费!K24 -> 1,988.70 | Y80: =广诚DHL运费!K25 -> 2,056.80 | Z80: =广诚DHL运费!K26 -> 2,124.90 | AA80: =广诚DHL运费!K27 -> 2,193.00 | AB80: =广诚DHL运费!K28 -> 2,261.10 | AC80: =广诚DHL运费!K29 -> 2,329.20 | AD80: =广诚DHL运费!K30 -> 2,397.30 | AE80: =广诚DHL运费!K31 -> 2,465.40 | AF80: =广诚DHL运费!K32 -> 2,533.50 | AG80: =广诚DHL运费!K33 -> 2,601.60 | AH80: =广诚DHL运费!K34 -> 2,669.70 | AI80: =广诚DHL运费!K35 -> 2,737.80 | AJ80: =广诚DHL运费!K36 -> 2,805.90 | AK80: =广诚DHL运费!K37 -> 2,874.00 | AL80: =广诚DHL运费!K38 -> 2,942.10 | AM80: =广诚DHL运费!K39 -> 3,010.20 | AN80: =广诚DHL运费!K40 -> 3,078.30 | AO80: =广诚DHL运费!K41 -> 3,146.40 | AP80: =广诚DHL运费!K42 -> 3,214.50 | AQ80: 1459.92 | AR80: 1491.84 | AS80: 1523.76 | AT80: 1555.68 | AU80: 1587.6 | AV80: 1619.52 | AW80: 1651.44 | AX80: 1683.36 | AY80: 1715.28 | AZ80: 1747.2 | BA80: 1779.12 | BB80: 1811.04 | BC80: 1842.96 | BD80: 1874.88 | BE80: 1906.8 | BF80: 1938.72 | BG80: 1970.64 | BH80: 2002.56 | BI80: 2034.48 | BJ80: 2066.4
A81: 孟加拉 | B81: 9 | C81: =广诚DHL运费!K3 -> 370.50 | D81: =广诚DHL运费!K4 -> 453.00 | E81: =广诚DHL运费!K5 -> 535.50 | F81: =广诚DHL运费!K6 -> 618.00 | G81: =广诚DHL运费!K7 -> 700.50 | H81: =广诚DHL运费!K8 -> 782.70 | I81: =广诚DHL运费!K9 -> 864.90 | J81: =广诚DHL运费!K10 -> 947.10 | K81: =广诚DHL运费!K11 -> 1,029.30 | L81: =广诚DHL运费!K12 -> 1,111.50 | M81: =广诚DHL运费!K13 -> 1,185.60 | N81: =广诚DHL运费!K14 -> 1,259.70 | O81: =广诚DHL运费!K15 -> 1,333.80 | P81: =广诚DHL运费!K16 -> 1,407.90 | Q81: =广诚DHL运费!K17 -> 1,482.00 | R81: =广诚DHL运费!K18 -> 1,556.10 | S81: =广诚DHL运费!K19 -> 1,630.20 | T81: =广诚DHL运费!K20 -> 1,704.30 | U81: =广诚DHL运费!K21 -> 1,778.40 | V81: =广诚DHL运费!K22 -> 1,852.50 | W81: =广诚DHL运费!K23 -> 1,920.60 | X81: =广诚DHL运费!K24 -> 1,988.70 | Y81: =广诚DHL运费!K25 -> 2,056.80 | Z81: =广诚DHL运费!K26 -> 2,124.90 | AA81: =广诚DHL运费!K27 -> 2,193.00 | AB81: =广诚DHL运费!K28 -> 2,261.10 | AC81: =广诚DHL运费!K29 -> 2,329.20 | AD81: =广诚DHL运费!K30 -> 2,397.30 | AE81: =广诚DHL运费!K31 -> 2,465.40 | AF81: =广诚DHL运费!K32 -> 2,533.50 | AG81: =广诚DHL运费!K33 -> 2,601.60 | AH81: =广诚DHL运费!K34 -> 2,669.70 | AI81: =广诚DHL运费!K35 -> 2,737.80 | AJ81: =广诚DHL运费!K36 -> 2,805.90 | AK81: =广诚DHL运费!K37 -> 2,874.00 | AL81: =广诚DHL运费!K38 -> 2,942.10 | AM81: =广诚DHL运费!K39 -> 3,010.20 | AN81: =广诚DHL运费!K40 -> 3,078.30 | AO81: =广诚DHL运费!K41 -> 3,146.40 | AP81: =广诚DHL运费!K42 -> 3,214.50 | AQ81: 1459.92 | AR81: 1491.84 | AS81: 1523.76 | AT81: 1555.68 | AU81: 1587.6 | AV81: 1619.52 | AW81: 1651.44 | AX81: 1683.36 | AY81: 1715.28 | AZ81: 1747.2 | BA81: 1779.12 | BB81: 1811.04 | BC81: 1842.96 | BD81: 1874.88 | BE81: 1906.8 | BF81: 1938.72 | BG81: 1970.64 | BH81: 2002.56 | BI81: 2034.48 | BJ81: 2066.4
A82: 布基纳法索 | B82: 9 | C82: =广诚DHL运费!K3 -> 370.50 | D82: =广诚DHL运费!K4 -> 453.00 | E82: =广诚DHL运费!K5 -> 535.50 | F82: =广诚DHL运费!K6 -> 618.00 | G82: =广诚DHL运费!K7 -> 700.50 | H82: =广诚DHL运费!K8 -> 782.70 | I82: =广诚DHL运费!K9 -> 864.90 | J82: =广诚DHL运费!K10 -> 947.10 | K82: =广诚DHL运费!K11 -> 1,029.30 | L82: =广诚DHL运费!K12 -> 1,111.50 | M82: =广诚DHL运费!K13 -> 1,185.60 | N82: =广诚DHL运费!K14 -> 1,259.70 | O82: =广诚DHL运费!K15 -> 1,333.80 | P82: =广诚DHL运费!K16 -> 1,407.90 | Q82: =广诚DHL运费!K17 -> 1,482.00 | R82: =广诚DHL运费!K18 -> 1,556.10 | S82: =广诚DHL运费!K19 -> 1,630.20 | T82: =广诚DHL运费!K20 -> 1,704.30 | U82: =广诚DHL运费!K21 -> 1,778.40 | V82: =广诚DHL运费!K22 -> 1,852.50 | W82: =广诚DHL运费!K23 -> 1,920.60 | X82: =广诚DHL运费!K24 -> 1,988.70 | Y82: =广诚DHL运费!K25 -> 2,056.80 | Z82: =广诚DHL运费!K26 -> 2,124.90 | AA82: =广诚DHL运费!K27 -> 2,193.00 | AB82: =广诚DHL运费!K28 -> 2,261.10 | AC82: =广诚DHL运费!K29 -> 2,329.20 | AD82: =广诚DHL运费!K30 -> 2,397.30 | AE82: =广诚DHL运费!K31 -> 2,465.40 | AF82: =广诚DHL运费!K32 -> 2,533.50 | AG82: =广诚DHL运费!K33 -> 2,601.60 | AH82: =广诚DHL运费!K34 -> 2,669.70 | AI82: =广诚DHL运费!K35 -> 2,737.80 | AJ82: =广诚DHL运费!K36 -> 2,805.90 | AK82: =广诚DHL运费!K37 -> 2,874.00 | AL82: =广诚DHL运费!K38 -> 2,942.10 | AM82: =广诚DHL运费!K39 -> 3,010.20 | AN82: =广诚DHL运费!K40 -> 3,078.30 | AO82: =广诚DHL运费!K41 -> 3,146.40 | AP82: =广诚DHL运费!K42 -> 3,214.50 | AQ82: 1459.92 | AR82: 1491.84 | AS82: 1523.76 | AT82: 1555.68 | AU82: 1587.6 | AV82: 1619.52 | AW82: 1651.44 | AX82: 1683.36 | AY82: 1715.28 | AZ82: 1747.2 | BA82: 1779.12 | BB82: 1811.04 | BC82: 1842.96 | BD82: 1874.88 | BE82: 1906.8 | BF82: 1938.72 | BG82: 1970.64 | BH82: 2002.56 | BI82: 2034.48 | BJ82: 2066.4
A83: 布隆迪 | B83: 9 | C83: =广诚DHL运费!K3 -> 370.50 | D83: =广诚DHL运费!K4 -> 453.00 | E83: =广诚DHL运费!K5 -> 535.50 | F83: =广诚DHL运费!K6 -> 618.00 | G83: =广诚DHL运费!K7 -> 700.50 | H83: =广诚DHL运费!K8 -> 782.70 | I83: =广诚DHL运费!K9 -> 864.90 | J83: =广诚DHL运费!K10 -> 947.10 | K83: =广诚DHL运费!K11 -> 1,029.30 | L83: =广诚DHL运费!K12 -> 1,111.50 | M83: =广诚DHL运费!K13 -> 1,185.60 | N83: =广诚DHL运费!K14 -> 1,259.70 | O83: =广诚DHL运费!K15 -> 1,333.80 | P83: =广诚DHL运费!K16 -> 1,407.90 | Q83: =广诚DHL运费!K17 -> 1,482.00 | R83: =广诚DHL运费!K18 -> 1,556.10 | S83: =广诚DHL运费!K19 -> 1,630.20 | T83: =广诚DHL运费!K20 -> 1,704.30 | U83: =广诚DHL运费!K21 -> 1,778.40 | V83: =广诚DHL运费!K22 -> 1,852.50 | W83: =广诚DHL运费!K23 -> 1,920.60 | X83: =广诚DHL运费!K24 -> 1,988.70 | Y83: =广诚DHL运费!K25 -> 2,056.80 | Z83: =广诚DHL运费!K26 -> 2,124.90 | AA83: =广诚DHL运费!K27 -> 2,193.00 | AB83: =广诚DHL运费!K28 -> 2,261.10 | AC83: =广诚DHL运费!K29 -> 2,329.20 | AD83: =广诚DHL运费!K30 -> 2,397.30 | AE83: =广诚DHL运费!K31 -> 2,465.40 | AF83: =广诚DHL运费!K32 -> 2,533.50 | AG83: =广诚DHL运费!K33 -> 2,601.60 | AH83: =广诚DHL运费!K34 -> 2,669.70 | AI83: =广诚DHL运费!K35 -> 2,737.80 | AJ83: =广诚DHL运费!K36 -> 2,805.90 | AK83: =广诚DHL运费!K37 -> 2,874.00 | AL83: =广诚DHL运费!K38 -> 2,942.10 | AM83: =广诚DHL运费!K39 -> 3,010.20 | AN83: =广诚DHL运费!K40 -> 3,078.30 | AO83: =广诚DHL运费!K41 -> 3,146.40 | AP83: =广诚DHL运费!K42 -> 3,214.50 | AQ83: 1459.92 | AR83: 1491.84 | AS83: 1523.76 | AT83: 1555.68 | AU83: 1587.6 | AV83: 1619.52 | AW83: 1651.44 | AX83: 1683.36 | AY83: 1715.28 | AZ83: 1747.2 | BA83: 1779.12 | BB83: 1811.04 | BC83: 1842.96 | BD83: 1874.88 | BE83: 1906.8 | BF83: 1938.72 | BG83: 1970.64 | BH83: 2002.56 | BI83: 2034.48 | BJ83: 2066.4
A84: 贝宁 | B84: 9 | C84: =广诚DHL运费!K3 -> 370.50 | D84: =广诚DHL运费!K4 -> 453.00 | E84: =广诚DHL运费!K5 -> 535.50 | F84: =广诚DHL运费!K6 -> 618.00 | G84: =广诚DHL运费!K7 -> 700.50 | H84: =广诚DHL运费!K8 -> 782.70 | I84: =广诚DHL运费!K9 -> 864.90 | J84: =广诚DHL运费!K10 -> 947.10 | K84: =广诚DHL运费!K11 -> 1,029.30 | L84: =广诚DHL运费!K12 -> 1,111.50 | M84: =广诚DHL运费!K13 -> 1,185.60 | N84: =广诚DHL运费!K14 -> 1,259.70 | O84: =广诚DHL运费!K15 -> 1,333.80 | P84: =广诚DHL运费!K16 -> 1,407.90 | Q84: =广诚DHL运费!K17 -> 1,482.00 | R84: =广诚DHL运费!K18 -> 1,556.10 | S84: =广诚DHL运费!K19 -> 1,630.20 | T84: =广诚DHL运费!K20 -> 1,704.30 | U84: =广诚DHL运费!K21 -> 1,778.40 | V84: =广诚DHL运费!K22 -> 1,852.50 | W84: =广诚DHL运费!K23 -> 1,920.60 | X84: =广诚DHL运费!K24 -> 1,988.70 | Y84: =广诚DHL运费!K25 -> 2,056.80 | Z84: =广诚DHL运费!K26 -> 2,124.90 | AA84: =广诚DHL运费!K27 -> 2,193.00 | AB84: =广诚DHL运费!K28 -> 2,261.10 | AC84: =广诚DHL运费!K29 -> 2,329.20 | AD84: =广诚DHL运费!K30 -> 2,397.30 | AE84: =广诚DHL运费!K31 -> 2,465.40 | AF84: =广诚DHL运费!K32 -> 2,533.50 | AG84: =广诚DHL运费!K33 -> 2,601.60 | AH84: =广诚DHL运费!K34 -> 2,669.70 | AI84: =广诚DHL运费!K35 -> 2,737.80 | AJ84: =广诚DHL运费!K36 -> 2,805.90 | AK84: =广诚DHL运费!K37 -> 2,874.00 | AL84: =广诚DHL运费!K38 -> 2,942.10 | AM84: =广诚DHL运费!K39 -> 3,010.20 | AN84: =广诚DHL运费!K40 -> 3,078.30 | AO84: =广诚DHL运费!K41 -> 3,146.40 | AP84: =广诚DHL运费!K42 -> 3,214.50 | AQ84: 1459.92 | AR84: 1491.84 | AS84: 1523.76 | AT84: 1555.68 | AU84: 1587.6 | AV84: 1619.52 | AW84: 1651.44 | AX84: 1683.36 | AY84: 1715.28 | AZ84: 1747.2 | BA84: 1779.12 | BB84: 1811.04 | BC84: 1842.96 | BD84: 1874.88 | BE84: 1906.8 | BF84: 1938.72 | BG84: 1970.64 | BH84: 2002.56 | BI84: 2034.48 | BJ84: 2066.4
A85: 百慕大 | B85: 9 | C85: =广诚DHL运费!K3 -> 370.50 | D85: =广诚DHL运费!K4 -> 453.00 | E85: =广诚DHL运费!K5 -> 535.50 | F85: =广诚DHL运费!K6 -> 618.00 | G85: =广诚DHL运费!K7 -> 700.50 | H85: =广诚DHL运费!K8 -> 782.70 | I85: =广诚DHL运费!K9 -> 864.90 | J85: =广诚DHL运费!K10 -> 947.10 | K85: =广诚DHL运费!K11 -> 1,029.30 | L85: =广诚DHL运费!K12 -> 1,111.50 | M85: =广诚DHL运费!K13 -> 1,185.60 | N85: =广诚DHL运费!K14 -> 1,259.70 | O85: =广诚DHL运费!K15 -> 1,333.80 | P85: =广诚DHL运费!K16 -> 1,407.90 | Q85: =广诚DHL运费!K17 -> 1,482.00 | R85: =广诚DHL运费!K18 -> 1,556.10 | S85: =广诚DHL运费!K19 -> 1,630.20 | T85: =广诚DHL运费!K20 -> 1,704.30 | U85: =广诚DHL运费!K21 -> 1,778.40 | V85: =广诚DHL运费!K22 -> 1,852.50 | W85: =广诚DHL运费!K23 -> 1,920.60 | X85: =广诚DHL运费!K24 -> 1,988.70 | Y85: =广诚DHL运费!K25 -> 2,056.80 | Z85: =广诚DHL运费!K26 -> 2,124.90 | AA85: =广诚DHL运费!K27 -> 2,193.00 | AB85: =广诚DHL运费!K28 -> 2,261.10 | AC85: =广诚DHL运费!K29 -> 2,329.20 | AD85: =广诚DHL运费!K30 -> 2,397.30 | AE85: =广诚DHL运费!K31 -> 2,465.40 | AF85: =广诚DHL运费!K32 -> 2,533.50 | AG85: =广诚DHL运费!K33 -> 2,601.60 | AH85: =广诚DHL运费!K34 -> 2,669.70 | AI85: =广诚DHL运费!K35 -> 2,737.80 | AJ85: =广诚DHL运费!K36 -> 2,805.90 | AK85: =广诚DHL运费!K37 -> 2,874.00 | AL85: =广诚DHL运费!K38 -> 2,942.10 | AM85: =广诚DHL运费!K39 -> 3,010.20 | AN85: =广诚DHL运费!K40 -> 3,078.30 | AO85: =广诚DHL运费!K41 -> 3,146.40 | AP85: =广诚DHL运费!K42 -> 3,214.50 | AQ85: 1459.92 | AR85: 1491.84 | AS85: 1523.76 | AT85: 1555.68 | AU85: 1587.6 | AV85: 1619.52 | AW85: 1651.44 | AX85: 1683.36 | AY85: 1715.28 | AZ85: 1747.2 | BA85: 1779.12 | BB85: 1811.04 | BC85: 1842.96 | BD85: 1874.88 | BE85: 1906.8 | BF85: 1938.72 | BG85: 1970.64 | BH85: 2002.56 | BI85: 2034.48 | BJ85: 2066.4
A86: 玻利维亚 | B86: 9 | C86: =广诚DHL运费!K3 -> 370.50 | D86: =广诚DHL运费!K4 -> 453.00 | E86: =广诚DHL运费!K5 -> 535.50 | F86: =广诚DHL运费!K6 -> 618.00 | G86: =广诚DHL运费!K7 -> 700.50 | H86: =广诚DHL运费!K8 -> 782.70 | I86: =广诚DHL运费!K9 -> 864.90 | J86: =广诚DHL运费!K10 -> 947.10 | K86: =广诚DHL运费!K11 -> 1,029.30 | L86: =广诚DHL运费!K12 -> 1,111.50 | M86: =广诚DHL运费!K13 -> 1,185.60 | N86: =广诚DHL运费!K14 -> 1,259.70 | O86: =广诚DHL运费!K15 -> 1,333.80 | P86: =广诚DHL运费!K16 -> 1,407.90 | Q86: =广诚DHL运费!K17 -> 1,482.00 | R86: =广诚DHL运费!K18 -> 1,556.10 | S86: =广诚DHL运费!K19 -> 1,630.20 | T86: =广诚DHL运费!K20 -> 1,704.30 | U86: =广诚DHL运费!K21 -> 1,778.40 | V86: =广诚DHL运费!K22 -> 1,852.50 | W86: =广诚DHL运费!K23 -> 1,920.60 | X86: =广诚DHL运费!K24 -> 1,988.70 | Y86: =广诚DHL运费!K25 -> 2,056.80 | Z86: =广诚DHL运费!K26 -> 2,124.90 | AA86: =广诚DHL运费!K27 -> 2,193.00 | AB86: =广诚DHL运费!K28 -> 2,261.10 | AC86: =广诚DHL运费!K29 -> 2,329.20 | AD86: =广诚DHL运费!K30 -> 2,397.30 | AE86: =广诚DHL运费!K31 -> 2,465.40 | AF86: =广诚DHL运费!K32 -> 2,533.50 | AG86: =广诚DHL运费!K33 -> 2,601.60 | AH86: =广诚DHL运费!K34 -> 2,669.70 | AI86: =广诚DHL运费!K35 -> 2,737.80 | AJ86: =广诚DHL运费!K36 -> 2,805.90 | AK86: =广诚DHL运费!K37 -> 2,874.00 | AL86: =广诚DHL运费!K38 -> 2,942.10 | AM86: =广诚DHL运费!K39 -> 3,010.20 | AN86: =广诚DHL运费!K40 -> 3,078.30 | AO86: =广诚DHL运费!K41 -> 3,146.40 | AP86: =广诚DHL运费!K42 -> 3,214.50 | AQ86: 1459.92 | AR86: 1491.84 | AS86: 1523.76 | AT86: 1555.68 | AU86: 1587.6 | AV86: 1619.52 | AW86: 1651.44 | AX86: 1683.36 | AY86: 1715.28 | AZ86: 1747.2 | BA86: 1779.12 | BB86: 1811.04 | BC86: 1842.96 | BD86: 1874.88 | BE86: 1906.8 | BF86: 1938.72 | BG86: 1970.64 | BH86: 2002.56 | BI86: 2034.48 | BJ86: 2066.4
A87: 巴西 | B87: 9 | C87: =广诚DHL运费!K3 -> 370.50 | D87: =广诚DHL运费!K4 -> 453.00 | E87: =广诚DHL运费!K5 -> 535.50 | F87: =广诚DHL运费!K6 -> 618.00 | G87: =广诚DHL运费!K7 -> 700.50 | H87: =广诚DHL运费!K8 -> 782.70 | I87: =广诚DHL运费!K9 -> 864.90 | J87: =广诚DHL运费!K10 -> 947.10 | K87: =广诚DHL运费!K11 -> 1,029.30 | L87: =广诚DHL运费!K12 -> 1,111.50 | M87: =广诚DHL运费!K13 -> 1,185.60 | N87: =广诚DHL运费!K14 -> 1,259.70 | O87: =广诚DHL运费!K15 -> 1,333.80 | P87: =广诚DHL运费!K16 -> 1,407.90 | Q87: =广诚DHL运费!K17 -> 1,482.00 | R87: =广诚DHL运费!K18 -> 1,556.10 | S87: =广诚DHL运费!K19 -> 1,630.20 | T87: =广诚DHL运费!K20 -> 1,704.30 | U87: =广诚DHL运费!K21 -> 1,778.40 | V87: =广诚DHL运费!K22 -> 1,852.50 | W87: =广诚DHL运费!K23 -> 1,920.60 | X87: =广诚DHL运费!K24 -> 1,988.70 | Y87: =广诚DHL运费!K25 -> 2,056.80 | Z87: =广诚DHL运费!K26 -> 2,124.90 | AA87: =广诚DHL运费!K27 -> 2,193.00 | AB87: =广诚DHL运费!K28 -> 2,261.10 | AC87: =广诚DHL运费!K29 -> 2,329.20 | AD87: =广诚DHL运费!K30 -> 2,397.30 | AE87: =广诚DHL运费!K31 -> 2,465.40 | AF87: =广诚DHL运费!K32 -> 2,533.50 | AG87: =广诚DHL运费!K33 -> 2,601.60 | AH87: =广诚DHL运费!K34 -> 2,669.70 | AI87: =广诚DHL运费!K35 -> 2,737.80 | AJ87: =广诚DHL运费!K36 -> 2,805.90 | AK87: =广诚DHL运费!K37 -> 2,874.00 | AL87: =广诚DHL运费!K38 -> 2,942.10 | AM87: =广诚DHL运费!K39 -> 3,010.20 | AN87: =广诚DHL运费!K40 -> 3,078.30 | AO87: =广诚DHL运费!K41 -> 3,146.40 | AP87: =广诚DHL运费!K42 -> 3,214.50 | AQ87: 1459.92 | AR87: 1491.84 | AS87: 1523.76 | AT87: 1555.68 | AU87: 1587.6 | AV87: 1619.52 | AW87: 1651.44 | AX87: 1683.36 | AY87: 1715.28 | AZ87: 1747.2 | BA87: 1779.12 | BB87: 1811.04 | BC87: 1842.96 | BD87: 1874.88 | BE87: 1906.8 | BF87: 1938.72 | BG87: 1970.64 | BH87: 2002.56 | BI87: 2034.48 | BJ87: 2066.4
A88: 巴哈马 | B88: 9 | C88: =广诚DHL运费!K3 -> 370.50 | D88: =广诚DHL运费!K4 -> 453.00 | E88: =广诚DHL运费!K5 -> 535.50 | F88: =广诚DHL运费!K6 -> 618.00 | G88: =广诚DHL运费!K7 -> 700.50 | H88: =广诚DHL运费!K8 -> 782.70 | I88: =广诚DHL运费!K9 -> 864.90 | J88: =广诚DHL运费!K10 -> 947.10 | K88: =广诚DHL运费!K11 -> 1,029.30 | L88: =广诚DHL运费!K12 -> 1,111.50 | M88: =广诚DHL运费!K13 -> 1,185.60 | N88: =广诚DHL运费!K14 -> 1,259.70 | O88: =广诚DHL运费!K15 -> 1,333.80 | P88: =广诚DHL运费!K16 -> 1,407.90 | Q88: =广诚DHL运费!K17 -> 1,482.00 | R88: =广诚DHL运费!K18 -> 1,556.10 | S88: =广诚DHL运费!K19 -> 1,630.20 | T88: =广诚DHL运费!K20 -> 1,704.30 | U88: =广诚DHL运费!K21 -> 1,778.40 | V88: =广诚DHL运费!K22 -> 1,852.50 | W88: =广诚DHL运费!K23 -> 1,920.60 | X88: =广诚DHL运费!K24 -> 1,988.70 | Y88: =广诚DHL运费!K25 -> 2,056.80 | Z88: =广诚DHL运费!K26 -> 2,124.90 | AA88: =广诚DHL运费!K27 -> 2,193.00 | AB88: =广诚DHL运费!K28 -> 2,261.10 | AC88: =广诚DHL运费!K29 -> 2,329.20 | AD88: =广诚DHL运费!K30 -> 2,397.30 | AE88: =广诚DHL运费!K31 -> 2,465.40 | AF88: =广诚DHL运费!K32 -> 2,533.50 | AG88: =广诚DHL运费!K33 -> 2,601.60 | AH88: =广诚DHL运费!K34 -> 2,669.70 | AI88: =广诚DHL运费!K35 -> 2,737.80 | AJ88: =广诚DHL运费!K36 -> 2,805.90 | AK88: =广诚DHL运费!K37 -> 2,874.00 | AL88: =广诚DHL运费!K38 -> 2,942.10 | AM88: =广诚DHL运费!K39 -> 3,010.20 | AN88: =广诚DHL运费!K40 -> 3,078.30 | AO88: =广诚DHL运费!K41 -> 3,146.40 | AP88: =广诚DHL运费!K42 -> 3,214.50 | AQ88: 1459.92 | AR88: 1491.84 | AS88: 1523.76 | AT88: 1555.68 | AU88: 1587.6 | AV88: 1619.52 | AW88: 1651.44 | AX88: 1683.36 | AY88: 1715.28 | AZ88: 1747.2 | BA88: 1779.12 | BB88: 1811.04 | BC88: 1842.96 | BD88: 1874.88 | BE88: 1906.8 | BF88: 1938.72 | BG88: 1970.64 | BH88: 2002.56 | BI88: 2034.48 | BJ88: 2066.4
A89: 不丹 | B89: 9 | C89: =广诚DHL运费!K3 -> 370.50 | D89: =广诚DHL运费!K4 -> 453.00 | E89: =广诚DHL运费!K5 -> 535.50 | F89: =广诚DHL运费!K6 -> 618.00 | G89: =广诚DHL运费!K7 -> 700.50 | H89: =广诚DHL运费!K8 -> 782.70 | I89: =广诚DHL运费!K9 -> 864.90 | J89: =广诚DHL运费!K10 -> 947.10 | K89: =广诚DHL运费!K11 -> 1,029.30 | L89: =广诚DHL运费!K12 -> 1,111.50 | M89: =广诚DHL运费!K13 -> 1,185.60 | N89: =广诚DHL运费!K14 -> 1,259.70 | O89: =广诚DHL运费!K15 -> 1,333.80 | P89: =广诚DHL运费!K16 -> 1,407.90 | Q89: =广诚DHL运费!K17 -> 1,482.00 | R89: =广诚DHL运费!K18 -> 1,556.10 | S89: =广诚DHL运费!K19 -> 1,630.20 | T89: =广诚DHL运费!K20 -> 1,704.30 | U89: =广诚DHL运费!K21 -> 1,778.40 | V89: =广诚DHL运费!K22 -> 1,852.50 | W89: =广诚DHL运费!K23 -> 1,920.60 | X89: =广诚DHL运费!K24 -> 1,988.70 | Y89: =广诚DHL运费!K25 -> 2,056.80 | Z89: =广诚DHL运费!K26 -> 2,124.90 | AA89: =广诚DHL运费!K27 -> 2,193.00 | AB89: =广诚DHL运费!K28 -> 2,261.10 | AC89: =广诚DHL运费!K29 -> 2,329.20 | AD89: =广诚DHL运费!K30 -> 2,397.30 | AE89: =广诚DHL运费!K31 -> 2,465.40 | AF89: =广诚DHL运费!K32 -> 2,533.50 | AG89: =广诚DHL运费!K33 -> 2,601.60 | AH89: =广诚DHL运费!K34 -> 2,669.70 | AI89: =广诚DHL运费!K35 -> 2,737.80 | AJ89: =广诚DHL运费!K36 -> 2,805.90 | AK89: =广诚DHL运费!K37 -> 2,874.00 | AL89: =广诚DHL运费!K38 -> 2,942.10 | AM89: =广诚DHL运费!K39 -> 3,010.20 | AN89: =广诚DHL运费!K40 -> 3,078.30 | AO89: =广诚DHL运费!K41 -> 3,146.40 | AP89: =广诚DHL运费!K42 -> 3,214.50 | AQ89: 1459.92 | AR89: 1491.84 | AS89: 1523.76 | AT89: 1555.68 | AU89: 1587.6 | AV89: 1619.52 | AW89: 1651.44 | AX89: 1683.36 | AY89: 1715.28 | AZ89: 1747.2 | BA89: 1779.12 | BB89: 1811.04 | BC89: 1842.96 | BD89: 1874.88 | BE89: 1906.8 | BF89: 1938.72 | BG89: 1970.64 | BH89: 2002.56 | BI89: 2034.48 | BJ89: 2066.4
A90: 博茨瓦那 | B90: 9 | C90: =广诚DHL运费!K3 -> 370.50 | D90: =广诚DHL运费!K4 -> 453.00 | E90: =广诚DHL运费!K5 -> 535.50 | F90: =广诚DHL运费!K6 -> 618.00 | G90: =广诚DHL运费!K7 -> 700.50 | H90: =广诚DHL运费!K8 -> 782.70 | I90: =广诚DHL运费!K9 -> 864.90 | J90: =广诚DHL运费!K10 -> 947.10 | K90: =广诚DHL运费!K11 -> 1,029.30 | L90: =广诚DHL运费!K12 -> 1,111.50 | M90: =广诚DHL运费!K13 -> 1,185.60 | N90: =广诚DHL运费!K14 -> 1,259.70 | O90: =广诚DHL运费!K15 -> 1,333.80 | P90: =广诚DHL运费!K16 -> 1,407.90 | Q90: =广诚DHL运费!K17 -> 1,482.00 | R90: =广诚DHL运费!K18 -> 1,556.10 | S90: =广诚DHL运费!K19 -> 1,630.20 | T90: =广诚DHL运费!K20 -> 1,704.30 | U90: =广诚DHL运费!K21 -> 1,778.40 | V90: =广诚DHL运费!K22 -> 1,852.50 | W90: =广诚DHL运费!K23 -> 1,920.60 | X90: =广诚DHL运费!K24 -> 1,988.70 | Y90: =广诚DHL运费!K25 -> 2,056.80 | Z90: =广诚DHL运费!K26 -> 2,124.90 | AA90: =广诚DHL运费!K27 -> 2,193.00 | AB90: =广诚DHL运费!K28 -> 2,261.10 | AC90: =广诚DHL运费!K29 -> 2,329.20 | AD90: =广诚DHL运费!K30 -> 2,397.30 | AE90: =广诚DHL运费!K31 -> 2,465.40 | AF90: =广诚DHL运费!K32 -> 2,533.50 | AG90: =广诚DHL运费!K33 -> 2,601.60 | AH90: =广诚DHL运费!K34 -> 2,669.70 | AI90: =广诚DHL运费!K35 -> 2,737.80 | AJ90: =广诚DHL运费!K36 -> 2,805.90 | AK90: =广诚DHL运费!K37 -> 2,874.00 | AL90: =广诚DHL运费!K38 -> 2,942.10 | AM90: =广诚DHL运费!K39 -> 3,010.20 | AN90: =广诚DHL运费!K40 -> 3,078.30 | AO90: =广诚DHL运费!K41 -> 3,146.40 | AP90: =广诚DHL运费!K42 -> 3,214.50 | AQ90: 1459.92 | AR90: 1491.84 | AS90: 1523.76 | AT90: 1555.68 | AU90: 1587.6 | AV90: 1619.52 | AW90: 1651.44 | AX90: 1683.36 | AY90: 1715.28 | AZ90: 1747.2 | BA90: 1779.12 | BB90: 1811.04 | BC90: 1842.96 | BD90: 1874.88 | BE90: 1906.8 | BF90: 1938.72 | BG90: 1970.64 | BH90: 2002.56 | BI90: 2034.48 | BJ90: 2066.4
A91: 白俄罗斯 | B91: 9 | C91: =广诚DHL运费!K3 -> 370.50 | D91: =广诚DHL运费!K4 -> 453.00 | E91: =广诚DHL运费!K5 -> 535.50 | F91: =广诚DHL运费!K6 -> 618.00 | G91: =广诚DHL运费!K7 -> 700.50 | H91: =广诚DHL运费!K8 -> 782.70 | I91: =广诚DHL运费!K9 -> 864.90 | J91: =广诚DHL运费!K10 -> 947.10 | K91: =广诚DHL运费!K11 -> 1,029.30 | L91: =广诚DHL运费!K12 -> 1,111.50 | M91: =广诚DHL运费!K13 -> 1,185.60 | N91: =广诚DHL运费!K14 -> 1,259.70 | O91: =广诚DHL运费!K15 -> 1,333.80 | P91: =广诚DHL运费!K16 -> 1,407.90 | Q91: =广诚DHL运费!K17 -> 1,482.00 | R91: =广诚DHL运费!K18 -> 1,556.10 | S91: =广诚DHL运费!K19 -> 1,630.20 | T91: =广诚DHL运费!K20 -> 1,704.30 | U91: =广诚DHL运费!K21 -> 1,778.40 | V91: =广诚DHL运费!K22 -> 1,852.50 | W91: =广诚DHL运费!K23 -> 1,920.60 | X91: =广诚DHL运费!K24 -> 1,988.70 | Y91: =广诚DHL运费!K25 -> 2,056.80 | Z91: =广诚DHL运费!K26 -> 2,124.90 | AA91: =广诚DHL运费!K27 -> 2,193.00 | AB91: =广诚DHL运费!K28 -> 2,261.10 | AC91: =广诚DHL运费!K29 -> 2,329.20 | AD91: =广诚DHL运费!K30 -> 2,397.30 | AE91: =广诚DHL运费!K31 -> 2,465.40 | AF91: =广诚DHL运费!K32 -> 2,533.50 | AG91: =广诚DHL运费!K33 -> 2,601.60 | AH91: =广诚DHL运费!K34 -> 2,669.70 | AI91: =广诚DHL运费!K35 -> 2,737.80 | AJ91: =广诚DHL运费!K36 -> 2,805.90 | AK91: =广诚DHL运费!K37 -> 2,874.00 | AL91: =广诚DHL运费!K38 -> 2,942.10 | AM91: =广诚DHL运费!K39 -> 3,010.20 | AN91: =广诚DHL运费!K40 -> 3,078.30 | AO91: =广诚DHL运费!K41 -> 3,146.40 | AP91: =广诚DHL运费!K42 -> 3,214.50 | AQ91: 1459.92 | AR91: 1491.84 | AS91: 1523.76 | AT91: 1555.68 | AU91: 1587.6 | AV91: 1619.52 | AW91: 1651.44 | AX91: 1683.36 | AY91: 1715.28 | AZ91: 1747.2 | BA91: 1779.12 | BB91: 1811.04 | BC91: 1842.96 | BD91: 1874.88 | BE91: 1906.8 | BF91: 1938.72 | BG91: 1970.64 | BH91: 2002.56 | BI91: 2034.48 | BJ91: 2066.4
A92: 伯利兹 | B92: 9 | C92: =广诚DHL运费!K3 -> 370.50 | D92: =广诚DHL运费!K4 -> 453.00 | E92: =广诚DHL运费!K5 -> 535.50 | F92: =广诚DHL运费!K6 -> 618.00 | G92: =广诚DHL运费!K7 -> 700.50 | H92: =广诚DHL运费!K8 -> 782.70 | I92: =广诚DHL运费!K9 -> 864.90 | J92: =广诚DHL运费!K10 -> 947.10 | K92: =广诚DHL运费!K11 -> 1,029.30 | L92: =广诚DHL运费!K12 -> 1,111.50 | M92: =广诚DHL运费!K13 -> 1,185.60 | N92: =广诚DHL运费!K14 -> 1,259.70 | O92: =广诚DHL运费!K15 -> 1,333.80 | P92: =广诚DHL运费!K16 -> 1,407.90 | Q92: =广诚DHL运费!K17 -> 1,482.00 | R92: =广诚DHL运费!K18 -> 1,556.10 | S92: =广诚DHL运费!K19 -> 1,630.20 | T92: =广诚DHL运费!K20 -> 1,704.30 | U92: =广诚DHL运费!K21 -> 1,778.40 | V92: =广诚DHL运费!K22 -> 1,852.50 | W92: =广诚DHL运费!K23 -> 1,920.60 | X92: =广诚DHL运费!K24 -> 1,988.70 | Y92: =广诚DHL运费!K25 -> 2,056.80 | Z92: =广诚DHL运费!K26 -> 2,124.90 | AA92: =广诚DHL运费!K27 -> 2,193.00 | AB92: =广诚DHL运费!K28 -> 2,261.10 | AC92: =广诚DHL运费!K29 -> 2,329.20 | AD92: =广诚DHL运费!K30 -> 2,397.30 | AE92: =广诚DHL运费!K31 -> 2,465.40 | AF92: =广诚DHL运费!K32 -> 2,533.50 | AG92: =广诚DHL运费!K33 -> 2,601.60 | AH92: =广诚DHL运费!K34 -> 2,669.70 | AI92: =广诚DHL运费!K35 -> 2,737.80 | AJ92: =广诚DHL运费!K36 -> 2,805.90 | AK92: =广诚DHL运费!K37 -> 2,874.00 | AL92: =广诚DHL运费!K38 -> 2,942.10 | AM92: =广诚DHL运费!K39 -> 3,010.20 | AN92: =广诚DHL运费!K40 -> 3,078.30 | AO92: =广诚DHL运费!K41 -> 3,146.40 | AP92: =广诚DHL运费!K42 -> 3,214.50 | AQ92: 1459.92 | AR92: 1491.84 | AS92: 1523.76 | AT92: 1555.68 | AU92: 1587.6 | AV92: 1619.52 | AW92: 1651.44 | AX92: 1683.36 | AY92: 1715.28 | AZ92: 1747.2 | BA92: 1779.12 | BB92: 1811.04 | BC92: 1842.96 | BD92: 1874.88 | BE92: 1906.8 | BF92: 1938.72 | BG92: 1970.64 | BH92: 2002.56 | BI92: 2034.48 | BJ92: 2066.4
A93: 刚果民主共和国 | B93: 9 | C93: =广诚DHL运费!K3 -> 370.50 | D93: =广诚DHL运费!K4 -> 453.00 | E93: =广诚DHL运费!K5 -> 535.50 | F93: =广诚DHL运费!K6 -> 618.00 | G93: =广诚DHL运费!K7 -> 700.50 | H93: =广诚DHL运费!K8 -> 782.70 | I93: =广诚DHL运费!K9 -> 864.90 | J93: =广诚DHL运费!K10 -> 947.10 | K93: =广诚DHL运费!K11 -> 1,029.30 | L93: =广诚DHL运费!K12 -> 1,111.50 | M93: =广诚DHL运费!K13 -> 1,185.60 | N93: =广诚DHL运费!K14 -> 1,259.70 | O93: =广诚DHL运费!K15 -> 1,333.80 | P93: =广诚DHL运费!K16 -> 1,407.90 | Q93: =广诚DHL运费!K17 -> 1,482.00 | R93: =广诚DHL运费!K18 -> 1,556.10 | S93: =广诚DHL运费!K19 -> 1,630.20 | T93: =广诚DHL运费!K20 -> 1,704.30 | U93: =广诚DHL运费!K21 -> 1,778.40 | V93: =广诚DHL运费!K22 -> 1,852.50 | W93: =广诚DHL运费!K23 -> 1,920.60 | X93: =广诚DHL运费!K24 -> 1,988.70 | Y93: =广诚DHL运费!K25 -> 2,056.80 | Z93: =广诚DHL运费!K26 -> 2,124.90 | AA93: =广诚DHL运费!K27 -> 2,193.00 | AB93: =广诚DHL运费!K28 -> 2,261.10 | AC93: =广诚DHL运费!K29 -> 2,329.20 | AD93: =广诚DHL运费!K30 -> 2,397.30 | AE93: =广诚DHL运费!K31 -> 2,465.40 | AF93: =广诚DHL运费!K32 -> 2,533.50 | AG93: =广诚DHL运费!K33 -> 2,601.60 | AH93: =广诚DHL运费!K34 -> 2,669.70 | AI93: =广诚DHL运费!K35 -> 2,737.80 | AJ93: =广诚DHL运费!K36 -> 2,805.90 | AK93: =广诚DHL运费!K37 -> 2,874.00 | AL93: =广诚DHL运费!K38 -> 2,942.10 | AM93: =广诚DHL运费!K39 -> 3,010.20 | AN93: =广诚DHL运费!K40 -> 3,078.30 | AO93: =广诚DHL运费!K41 -> 3,146.40 | AP93: =广诚DHL运费!K42 -> 3,214.50 | AQ93: 1459.92 | AR93: 1491.84 | AS93: 1523.76 | AT93: 1555.68 | AU93: 1587.6 | AV93: 1619.52 | AW93: 1651.44 | AX93: 1683.36 | AY93: 1715.28 | AZ93: 1747.2 | BA93: 1779.12 | BB93: 1811.04 | BC93: 1842.96 | BD93: 1874.88 | BE93: 1906.8 | BF93: 1938.72 | BG93: 1970.64 | BH93: 2002.56 | BI93: 2034.48 | BJ93: 2066.4
A94: 中非共和国 | B94: 9 | C94: =广诚DHL运费!K3 -> 370.50 | D94: =广诚DHL运费!K4 -> 453.00 | E94: =广诚DHL运费!K5 -> 535.50 | F94: =广诚DHL运费!K6 -> 618.00 | G94: =广诚DHL运费!K7 -> 700.50 | H94: =广诚DHL运费!K8 -> 782.70 | I94: =广诚DHL运费!K9 -> 864.90 | J94: =广诚DHL运费!K10 -> 947.10 | K94: =广诚DHL运费!K11 -> 1,029.30 | L94: =广诚DHL运费!K12 -> 1,111.50 | M94: =广诚DHL运费!K13 -> 1,185.60 | N94: =广诚DHL运费!K14 -> 1,259.70 | O94: =广诚DHL运费!K15 -> 1,333.80 | P94: =广诚DHL运费!K16 -> 1,407.90 | Q94: =广诚DHL运费!K17 -> 1,482.00 | R94: =广诚DHL运费!K18 -> 1,556.10 | S94: =广诚DHL运费!K19 -> 1,630.20 | T94: =广诚DHL运费!K20 -> 1,704.30 | U94: =广诚DHL运费!K21 -> 1,778.40 | V94: =广诚DHL运费!K22 -> 1,852.50 | W94: =广诚DHL运费!K23 -> 1,920.60 | X94: =广诚DHL运费!K24 -> 1,988.70 | Y94: =广诚DHL运费!K25 -> 2,056.80 | Z94: =广诚DHL运费!K26 -> 2,124.90 | AA94: =广诚DHL运费!K27 -> 2,193.00 | AB94: =广诚DHL运费!K28 -> 2,261.10 | AC94: =广诚DHL运费!K29 -> 2,329.20 | AD94: =广诚DHL运费!K30 -> 2,397.30 | AE94: =广诚DHL运费!K31 -> 2,465.40 | AF94: =广诚DHL运费!K32 -> 2,533.50 | AG94: =广诚DHL运费!K33 -> 2,601.60 | AH94: =广诚DHL运费!K34 -> 2,669.70 | AI94: =广诚DHL运费!K35 -> 2,737.80 | AJ94: =广诚DHL运费!K36 -> 2,805.90 | AK94: =广诚DHL运费!K37 -> 2,874.00 | AL94: =广诚DHL运费!K38 -> 2,942.10 | AM94: =广诚DHL运费!K39 -> 3,010.20 | AN94: =广诚DHL运费!K40 -> 3,078.30 | AO94: =广诚DHL运费!K41 -> 3,146.40 | AP94: =广诚DHL运费!K42 -> 3,214.50 | AQ94: 1459.92 | AR94: 1491.84 | AS94: 1523.76 | AT94: 1555.68 | AU94: 1587.6 | AV94: 1619.52 | AW94: 1651.44 | AX94: 1683.36 | AY94: 1715.28 | AZ94: 1747.2 | BA94: 1779.12 | BB94: 1811.04 | BC94: 1842.96 | BD94: 1874.88 | BE94: 1906.8 | BF94: 1938.72 | BG94: 1970.64 | BH94: 2002.56 | BI94: 2034.48 | BJ94: 2066.4
A95: 刚果 | B95: 9 | C95: =广诚DHL运费!K3 -> 370.50 | D95: =广诚DHL运费!K4 -> 453.00 | E95: =广诚DHL运费!K5 -> 535.50 | F95: =广诚DHL运费!K6 -> 618.00 | G95: =广诚DHL运费!K7 -> 700.50 | H95: =广诚DHL运费!K8 -> 782.70 | I95: =广诚DHL运费!K9 -> 864.90 | J95: =广诚DHL运费!K10 -> 947.10 | K95: =广诚DHL运费!K11 -> 1,029.30 | L95: =广诚DHL运费!K12 -> 1,111.50 | M95: =广诚DHL运费!K13 -> 1,185.60 | N95: =广诚DHL运费!K14 -> 1,259.70 | O95: =广诚DHL运费!K15 -> 1,333.80 | P95: =广诚DHL运费!K16 -> 1,407.90 | Q95: =广诚DHL运费!K17 -> 1,482.00 | R95: =广诚DHL运费!K18 -> 1,556.10 | S95: =广诚DHL运费!K19 -> 1,630.20 | T95: =广诚DHL运费!K20 -> 1,704.30 | U95: =广诚DHL运费!K21 -> 1,778.40 | V95: =广诚DHL运费!K22 -> 1,852.50 | W95: =广诚DHL运费!K23 -> 1,920.60 | X95: =广诚DHL运费!K24 -> 1,988.70 | Y95: =广诚DHL运费!K25 -> 2,056.80 | Z95: =广诚DHL运费!K26 -> 2,124.90 | AA95: =广诚DHL运费!K27 -> 2,193.00 | AB95: =广诚DHL运费!K28 -> 2,261.10 | AC95: =广诚DHL运费!K29 -> 2,329.20 | AD95: =广诚DHL运费!K30 -> 2,397.30 | AE95: =广诚DHL运费!K31 -> 2,465.40 | AF95: =广诚DHL运费!K32 -> 2,533.50 | AG95: =广诚DHL运费!K33 -> 2,601.60 | AH95: =广诚DHL运费!K34 -> 2,669.70 | AI95: =广诚DHL运费!K35 -> 2,737.80 | AJ95: =广诚DHL运费!K36 -> 2,805.90 | AK95: =广诚DHL运费!K37 -> 2,874.00 | AL95: =广诚DHL运费!K38 -> 2,942.10 | AM95: =广诚DHL运费!K39 -> 3,010.20 | AN95: =广诚DHL运费!K40 -> 3,078.30 | AO95: =广诚DHL运费!K41 -> 3,146.40 | AP95: =广诚DHL运费!K42 -> 3,214.50 | AQ95: 1459.92 | AR95: 1491.84 | AS95: 1523.76 | AT95: 1555.68 | AU95: 1587.6 | AV95: 1619.52 | AW95: 1651.44 | AX95: 1683.36 | AY95: 1715.28 | AZ95: 1747.2 | BA95: 1779.12 | BB95: 1811.04 | BC95: 1842.96 | BD95: 1874.88 | BE95: 1906.8 | BF95: 1938.72 | BG95: 1970.64 | BH95: 2002.56 | BI95: 2034.48 | BJ95: 2066.4
A96: 科特迪瓦 | B96: 9 | C96: =广诚DHL运费!K3 -> 370.50 | D96: =广诚DHL运费!K4 -> 453.00 | E96: =广诚DHL运费!K5 -> 535.50 | F96: =广诚DHL运费!K6 -> 618.00 | G96: =广诚DHL运费!K7 -> 700.50 | H96: =广诚DHL运费!K8 -> 782.70 | I96: =广诚DHL运费!K9 -> 864.90 | J96: =广诚DHL运费!K10 -> 947.10 | K96: =广诚DHL运费!K11 -> 1,029.30 | L96: =广诚DHL运费!K12 -> 1,111.50 | M96: =广诚DHL运费!K13 -> 1,185.60 | N96: =广诚DHL运费!K14 -> 1,259.70 | O96: =广诚DHL运费!K15 -> 1,333.80 | P96: =广诚DHL运费!K16 -> 1,407.90 | Q96: =广诚DHL运费!K17 -> 1,482.00 | R96: =广诚DHL运费!K18 -> 1,556.10 | S96: =广诚DHL运费!K19 -> 1,630.20 | T96: =广诚DHL运费!K20 -> 1,704.30 | U96: =广诚DHL运费!K21 -> 1,778.40 | V96: =广诚DHL运费!K22 -> 1,852.50 | W96: =广诚DHL运费!K23 -> 1,920.60 | X96: =广诚DHL运费!K24 -> 1,988.70 | Y96: =广诚DHL运费!K25 -> 2,056.80 | Z96: =广诚DHL运费!K26 -> 2,124.90 | AA96: =广诚DHL运费!K27 -> 2,193.00 | AB96: =广诚DHL运费!K28 -> 2,261.10 | AC96: =广诚DHL运费!K29 -> 2,329.20 | AD96: =广诚DHL运费!K30 -> 2,397.30 | AE96: =广诚DHL运费!K31 -> 2,465.40 | AF96: =广诚DHL运费!K32 -> 2,533.50 | AG96: =广诚DHL运费!K33 -> 2,601.60 | AH96: =广诚DHL运费!K34 -> 2,669.70 | AI96: =广诚DHL运费!K35 -> 2,737.80 | AJ96: =广诚DHL运费!K36 -> 2,805.90 | AK96: =广诚DHL运费!K37 -> 2,874.00 | AL96: =广诚DHL运费!K38 -> 2,942.10 | AM96: =广诚DHL运费!K39 -> 3,010.20 | AN96: =广诚DHL运费!K40 -> 3,078.30 | AO96: =广诚DHL运费!K41 -> 3,146.40 | AP96: =广诚DHL运费!K42 -> 3,214.50 | AQ96: 1459.92 | AR96: 1491.84 | AS96: 1523.76 | AT96: 1555.68 | AU96: 1587.6 | AV96: 1619.52 | AW96: 1651.44 | AX96: 1683.36 | AY96: 1715.28 | AZ96: 1747.2 | BA96: 1779.12 | BB96: 1811.04 | BC96: 1842.96 | BD96: 1874.88 | BE96: 1906.8 | BF96: 1938.72 | BG96: 1970.64 | BH96: 2002.56 | BI96: 2034.48 | BJ96: 2066.4
A97: 库克群岛 | B97: 9 | C97: =广诚DHL运费!K3 -> 370.50 | D97: =广诚DHL运费!K4 -> 453.00 | E97: =广诚DHL运费!K5 -> 535.50 | F97: =广诚DHL运费!K6 -> 618.00 | G97: =广诚DHL运费!K7 -> 700.50 | H97: =广诚DHL运费!K8 -> 782.70 | I97: =广诚DHL运费!K9 -> 864.90 | J97: =广诚DHL运费!K10 -> 947.10 | K97: =广诚DHL运费!K11 -> 1,029.30 | L97: =广诚DHL运费!K12 -> 1,111.50 | M97: =广诚DHL运费!K13 -> 1,185.60 | N97: =广诚DHL运费!K14 -> 1,259.70 | O97: =广诚DHL运费!K15 -> 1,333.80 | P97: =广诚DHL运费!K16 -> 1,407.90 | Q97: =广诚DHL运费!K17 -> 1,482.00 | R97: =广诚DHL运费!K18 -> 1,556.10 | S97: =广诚DHL运费!K19 -> 1,630.20 | T97: =广诚DHL运费!K20 -> 1,704.30 | U97: =广诚DHL运费!K21 -> 1,778.40 | V97: =广诚DHL运费!K22 -> 1,852.50 | W97: =广诚DHL运费!K23 -> 1,920.60 | X97: =广诚DHL运费!K24 -> 1,988.70 | Y97: =广诚DHL运费!K25 -> 2,056.80 | Z97: =广诚DHL运费!K26 -> 2,124.90 | AA97: =广诚DHL运费!K27 -> 2,193.00 | AB97: =广诚DHL运费!K28 -> 2,261.10 | AC97: =广诚DHL运费!K29 -> 2,329.20 | AD97: =广诚DHL运费!K30 -> 2,397.30 | AE97: =广诚DHL运费!K31 -> 2,465.40 | AF97: =广诚DHL运费!K32 -> 2,533.50 | AG97: =广诚DHL运费!K33 -> 2,601.60 | AH97: =广诚DHL运费!K34 -> 2,669.70 | AI97: =广诚DHL运费!K35 -> 2,737.80 | AJ97: =广诚DHL运费!K36 -> 2,805.90 | AK97: =广诚DHL运费!K37 -> 2,874.00 | AL97: =广诚DHL运费!K38 -> 2,942.10 | AM97: =广诚DHL运费!K39 -> 3,010.20 | AN97: =广诚DHL运费!K40 -> 3,078.30 | AO97: =广诚DHL运费!K41 -> 3,146.40 | AP97: =广诚DHL运费!K42 -> 3,214.50 | AQ97: 1459.92 | AR97: 1491.84 | AS97: 1523.76 | AT97: 1555.68 | AU97: 1587.6 | AV97: 1619.52 | AW97: 1651.44 | AX97: 1683.36 | AY97: 1715.28 | AZ97: 1747.2 | BA97: 1779.12 | BB97: 1811.04 | BC97: 1842.96 | BD97: 1874.88 | BE97: 1906.8 | BF97: 1938.72 | BG97: 1970.64 | BH97: 2002.56 | BI97: 2034.48 | BJ97: 2066.4
A98: 智利 | B98: 9 | C98: =广诚DHL运费!K3 -> 370.50 | D98: =广诚DHL运费!K4 -> 453.00 | E98: =广诚DHL运费!K5 -> 535.50 | F98: =广诚DHL运费!K6 -> 618.00 | G98: =广诚DHL运费!K7 -> 700.50 | H98: =广诚DHL运费!K8 -> 782.70 | I98: =广诚DHL运费!K9 -> 864.90 | J98: =广诚DHL运费!K10 -> 947.10 | K98: =广诚DHL运费!K11 -> 1,029.30 | L98: =广诚DHL运费!K12 -> 1,111.50 | M98: =广诚DHL运费!K13 -> 1,185.60 | N98: =广诚DHL运费!K14 -> 1,259.70 | O98: =广诚DHL运费!K15 -> 1,333.80 | P98: =广诚DHL运费!K16 -> 1,407.90 | Q98: =广诚DHL运费!K17 -> 1,482.00 | R98: =广诚DHL运费!K18 -> 1,556.10 | S98: =广诚DHL运费!K19 -> 1,630.20 | T98: =广诚DHL运费!K20 -> 1,704.30 | U98: =广诚DHL运费!K21 -> 1,778.40 | V98: =广诚DHL运费!K22 -> 1,852.50 | W98: =广诚DHL运费!K23 -> 1,920.60 | X98: =广诚DHL运费!K24 -> 1,988.70 | Y98: =广诚DHL运费!K25 -> 2,056.80 | Z98: =广诚DHL运费!K26 -> 2,124.90 | AA98: =广诚DHL运费!K27 -> 2,193.00 | AB98: =广诚DHL运费!K28 -> 2,261.10 | AC98: =广诚DHL运费!K29 -> 2,329.20 | AD98: =广诚DHL运费!K30 -> 2,397.30 | AE98: =广诚DHL运费!K31 -> 2,465.40 | AF98: =广诚DHL运费!K32 -> 2,533.50 | AG98: =广诚DHL运费!K33 -> 2,601.60 | AH98: =广诚DHL运费!K34 -> 2,669.70 | AI98: =广诚DHL运费!K35 -> 2,737.80 | AJ98: =广诚DHL运费!K36 -> 2,805.90 | AK98: =广诚DHL运费!K37 -> 2,874.00 | AL98: =广诚DHL运费!K38 -> 2,942.10 | AM98: =广诚DHL运费!K39 -> 3,010.20 | AN98: =广诚DHL运费!K40 -> 3,078.30 | AO98: =广诚DHL运费!K41 -> 3,146.40 | AP98: =广诚DHL运费!K42 -> 3,214.50 | AQ98: 1459.92 | AR98: 1491.84 | AS98: 1523.76 | AT98: 1555.68 | AU98: 1587.6 | AV98: 1619.52 | AW98: 1651.44 | AX98: 1683.36 | AY98: 1715.28 | AZ98: 1747.2 | BA98: 1779.12 | BB98: 1811.04 | BC98: 1842.96 | BD98: 1874.88 | BE98: 1906.8 | BF98: 1938.72 | BG98: 1970.64 | BH98: 2002.56 | BI98: 2034.48 | BJ98: 2066.4
A99: 喀麦隆 | B99: 9 | C99: =广诚DHL运费!K3 -> 370.50 | D99: =广诚DHL运费!K4 -> 453.00 | E99: =广诚DHL运费!K5 -> 535.50 | F99: =广诚DHL运费!K6 -> 618.00 | G99: =广诚DHL运费!K7 -> 700.50 | H99: =广诚DHL运费!K8 -> 782.70 | I99: =广诚DHL运费!K9 -> 864.90 | J99: =广诚DHL运费!K10 -> 947.10 | K99: =广诚DHL运费!K11 -> 1,029.30 | L99: =广诚DHL运费!K12 -> 1,111.50 | M99: =广诚DHL运费!K13 -> 1,185.60 | N99: =广诚DHL运费!K14 -> 1,259.70 | O99: =广诚DHL运费!K15 -> 1,333.80 | P99: =广诚DHL运费!K16 -> 1,407.90 | Q99: =广诚DHL运费!K17 -> 1,482.00 | R99: =广诚DHL运费!K18 -> 1,556.10 | S99: =广诚DHL运费!K19 -> 1,630.20 | T99: =广诚DHL运费!K20 -> 1,704.30 | U99: =广诚DHL运费!K21 -> 1,778.40 | V99: =广诚DHL运费!K22 -> 1,852.50 | W99: =广诚DHL运费!K23 -> 1,920.60 | X99: =广诚DHL运费!K24 -> 1,988.70 | Y99: =广诚DHL运费!K25 -> 2,056.80 | Z99: =广诚DHL运费!K26 -> 2,124.90 | AA99: =广诚DHL运费!K27 -> 2,193.00 | AB99: =广诚DHL运费!K28 -> 2,261.10 | AC99: =广诚DHL运费!K29 -> 2,329.20 | AD99: =广诚DHL运费!K30 -> 2,397.30 | AE99: =广诚DHL运费!K31 -> 2,465.40 | AF99: =广诚DHL运费!K32 -> 2,533.50 | AG99: =广诚DHL运费!K33 -> 2,601.60 | AH99: =广诚DHL运费!K34 -> 2,669.70 | AI99: =广诚DHL运费!K35 -> 2,737.80 | AJ99: =广诚DHL运费!K36 -> 2,805.90 | AK99: =广诚DHL运费!K37 -> 2,874.00 | AL99: =广诚DHL运费!K38 -> 2,942.10 | AM99: =广诚DHL运费!K39 -> 3,010.20 | AN99: =广诚DHL运费!K40 -> 3,078.30 | AO99: =广诚DHL运费!K41 -> 3,146.40 | AP99: =广诚DHL运费!K42 -> 3,214.50 | AQ99: 1459.92 | AR99: 1491.84 | AS99: 1523.76 | AT99: 1555.68 | AU99: 1587.6 | AV99: 1619.52 | AW99: 1651.44 | AX99: 1683.36 | AY99: 1715.28 | AZ99: 1747.2 | BA99: 1779.12 | BB99: 1811.04 | BC99: 1842.96 | BD99: 1874.88 | BE99: 1906.8 | BF99: 1938.72 | BG99: 1970.64 | BH99: 2002.56 | BI99: 2034.48 | BJ99: 2066.4
A100: 哥伦比亚 | B100: 9 | C100: =广诚DHL运费!K3 -> 370.50 | D100: =广诚DHL运费!K4 -> 453.00 | E100: =广诚DHL运费!K5 -> 535.50 | F100: =广诚DHL运费!K6 -> 618.00 | G100: =广诚DHL运费!K7 -> 700.50 | H100: =广诚DHL运费!K8 -> 782.70 | I100: =广诚DHL运费!K9 -> 864.90 | J100: =广诚DHL运费!K10 -> 947.10 | K100: =广诚DHL运费!K11 -> 1,029.30 | L100: =广诚DHL运费!K12 -> 1,111.50 | M100: =广诚DHL运费!K13 -> 1,185.60 | N100: =广诚DHL运费!K14 -> 1,259.70 | O100: =广诚DHL运费!K15 -> 1,333.80 | P100: =广诚DHL运费!K16 -> 1,407.90 | Q100: =广诚DHL运费!K17 -> 1,482.00 | R100: =广诚DHL运费!K18 -> 1,556.10 | S100: =广诚DHL运费!K19 -> 1,630.20 | T100: =广诚DHL运费!K20 -> 1,704.30 | U100: =广诚DHL运费!K21 -> 1,778.40 | V100: =广诚DHL运费!K22 -> 1,852.50 | W100: =广诚DHL运费!K23 -> 1,920.60 | X100: =广诚DHL运费!K24 -> 1,988.70 | Y100: =广诚DHL运费!K25 -> 2,056.80 | Z100: =广诚DHL运费!K26 -> 2,124.90 | AA100: =广诚DHL运费!K27 -> 2,193.00 | AB100: =广诚DHL运费!K28 -> 2,261.10 | AC100: =广诚DHL运费!K29 -> 2,329.20 | AD100: =广诚DHL运费!K30 -> 2,397.30 | AE100: =广诚DHL运费!K31 -> 2,465.40 | AF100: =广诚DHL运费!K32 -> 2,533.50 | AG100: =广诚DHL运费!K33 -> 2,601.60 | AH100: =广诚DHL运费!K34 -> 2,669.70 | AI100: =广诚DHL运费!K35 -> 2,737.80 | AJ100: =广诚DHL运费!K36 -> 2,805.90 | AK100: =广诚DHL运费!K37 -> 2,874.00 | AL100: =广诚DHL运费!K38 -> 2,942.10 | AM100: =广诚DHL运费!K39 -> 3,010.20 | AN100: =广诚DHL运费!K40 -> 3,078.30 | AO100: =广诚DHL运费!K41 -> 3,146.40 | AP100: =广诚DHL运费!K42 -> 3,214.50 | AQ100: 1459.92 | AR100: 1491.84 | AS100: 1523.76 | AT100: 1555.68 | AU100: 1587.6 | AV100: 1619.52 | AW100: 1651.44 | AX100: 1683.36 | AY100: 1715.28 | AZ100: 1747.2 | BA100: 1779.12 | BB100: 1811.04 | BC100: 1842.96 | BD100: 1874.88 | BE100: 1906.8 | BF100: 1938.72 | BG100: 1970.64 | BH100: 2002.56 | BI100: 2034.48 | BJ100: 2066.4
...

Sheet 区域
A1: 国家地区 | B1: 代码 | C1: 0.5 | D1: 1 | E1: 1.5 | F1: 2 | G1: 2.5 | H1: 3 | I1: 3.5 | J1: 4 | K1: 4.5 | L1: 5 | M1: 5.5 | N1: 6 | O1: 6.5 | P1: 7 | Q1: 7.5 | R1: 8 | S1: 8.5 | T1: 9 | U1: 9.5 | V1: 10 | W1: 10.5 | X1: 11 | Y1: 11.5 | Z1: 12 | AA1: 12.5 | AB1: 13 | AC1: 13.5 | AD1: 14 | AE1: 14.5 | AF1: 15 | AG1: 15.5 | AH1: 16 | AI1: 16.5 | AJ1: 17 | AK1: 17.5 | AL1: 18 | AM1: 18.5 | AN1: 19 | AO1: 19.5 | AP1: 20 | AQ1: 20.5 | AR1: 21 | AS1: 21.5 | AT1: 22 | AU1: 22.5 | AV1: 23 | AW1: 23.5 | AX1: 24 | AY1: 24.5 | AZ1: 25 | BA1: 25.5 | BB1: 26 | BC1: 26.5 | BD1: 27 | BE1: 27.5 | BF1: 28 | BG1: 28.5 | BH1: 29 | BI1: 29.5 | BJ1: 30 | BK1: 30.1-70 | BL1: 70.1-300 | BM1: 300.1-999 | BN1: 国家地区 | BO1: 代码
A2: 中国香港特别行政区 | B2: 1 | C2: 93 | D2: 113.1 | E2: 133.2 | F2: 153.3 | G2: 173.4 | H2: 192.9 | I2: 212.4 | J2: 231.9 | K2: 251.4 | L2: 270.9 | M2: 289.2 | N2: 307.5 | O2: 325.8 | P2: 344.1 | Q2: 362.4 | R2: 380.7 | S2: 399 | T2: 417.3 | U2: 435.6 | V2: 453.9 | W2: 468.9 | X2: 483.9 | Y2: 498.9 | Z2: 513.9 | AA2: 528.9 | AB2: 543.9 | AC2: 558.9 | AD2: 573.9 | AE2: 588.9 | AF2: 603.9 | AG2: 618.9 | AH2: 633.9 | AI2: 648.9 | AJ2: 663.9 | AK2: 678.9 | AL2: 693.9 | AM2: 708.9 | AN2: 723.9 | AO2: 738.9 | AP2: 753.9 | AQ2: 331.37 | AR2: 336.05 | AS2: 340.73 | AT2: 345.41 | AU2: 350.09 | AV2: 354.77 | AW2: 359.45 | AX2: 364.13 | AY2: 368.81 | AZ2: 373.49 | BA2: 378.17 | BB2: 382.85 | BC2: 387.53 | BD2: 392.21 | BE2: 396.89 | BF2: 401.57 | BG2: 406.25 | BH2: 410.93 | BI2: 415.61 | BJ2: 420.29 | BK2: 14.7 | BL2: 16.8 | BM2: 18.08 | BN2: 中国香港特别行政区 | BO2: 1
A3: 中国澳门特别行政区 | B3: 1 | C3: 93 | D3: 113.1 | E3: 133.2 | F3: 153.3 | G3: 173.4 | H3: 192.9 | I3: 212.4 | J3: 231.9 | K3: 251.4 | L3: 270.9 | M3: 289.2 | N3: 307.5 | O3: 325.8 | P3: 344.1 | Q3: 362.4 | R3: 380.7 | S3: 399 | T3: 417.3 | U3: 435.6 | V3: 453.9 | W3: 468.9 | X3: 483.9 | Y3: 498.9 | Z3: 513.9 | AA3: 528.9 | AB3: 543.9 | AC3: 558.9 | AD3: 573.9 | AE3: 588.9 | AF3: 603.9 | AG3: 618.9 | AH3: 633.9 | AI3: 648.9 | AJ3: 663.9 | AK3: 678.9 | AL3: 693.9 | AM3: 708.9 | AN3: 723.9 | AO3: 738.9 | AP3: 753.9 | AQ3: 331.37 | AR3: 336.05 | AS3: 340.73 | AT3: 345.41 | AU3: 350.09 | AV3: 354.77 | AW3: 359.45 | AX3: 364.13 | AY3: 368.81 | AZ3: 373.49 | BA3: 378.17 | BB3: 382.85 | BC3: 387.53 | BD3: 392.21 | BE3: 396.89 | BF3: 401.57 | BG3: 406.25 | BH3: 410.93 | BI3: 415.61 | BJ3: 420.29 | BK3: 14.7 | BL3: 16.8 | BM3: 18.08 | BN3: 中国澳门特别行政区 | BO3: 1
A4: 韩国 | B4: 2 | C4: 127.5 | D4: 156.6 | E4: 185.7 | F4: 214.8 | G4: 243.9 | H4: 272.7 | I4: 301.5 | J4: 330.3 | K4: 359.1 | L4: 387.9 | M4: 415.2 | N4: 442.5 | O4: 469.8 | P4: 497.1 | Q4: 524.4 | R4: 551.7 | S4: 579 | T4: 606.3 | U4: 633.6 | V4: 660.9 | W4: 684.3 | X4: 707.7 | Y4: 731.1 | Z4: 754.5 | AA4: 777.9 | AB4: 801.3 | AC4: 824.7 | AD4: 848.1 | AE4: 871.5 | AF4: 894.9 | AG4: 918.3 | AH4: 941.7 | AI4: 965.1 | AJ4: 988.5 | AK4: 1011.9 | AL4: 1035.3 | AM4: 1058.7 | AN4: 1082.1 | AO4: 1105.5 | AP4: 1128.9 | AQ4: 423.83 | AR4: 433.73 | AS4: 443.63 | AT4: 453.53 | AU4: 463.43 | AV4: 473.33 | AW4: 483.23 | AX4: 493.13 | AY4: 503.03 | AZ4: 512.93 | BA4: 522.83 | BB4: 532.73 | BC4: 542.63 | BD4: 552.53 | BE4: 562.43 | BF4: 572.33 | BG4: 582.23 | BH4: 592.13 | BI4: 602.03 | BJ4: 611.93 | BK4: 18 | BL4: 21.6 | BM4: 24 | BN4: 韩国 | BO4: 2
A5: 中国台湾地区 | B5: 2 | C5: 127.5 | D5: 156.6 | E5: 185.7 | F5: 214.8 | G5: 243.9 | H5: 272.7 | I5: 301.5 | J5: 330.3 | K5: 359.1 | L5: 387.9 | M5: 415.2 | N5: 442.5 | O5: 469.8 | P5: 497.1 | Q5: 524.4 | R5: 551.7 | S5: 579 | T5: 606.3 | U5: 633.6 | V5: 660.9 | W5: 684.3 | X5: 707.7 | Y5: 731.1 | Z5: 754.5 | AA5: 777.9 | AB5: 801.3 | AC5: 824.7 | AD5: 848.1 | AE5: 871.5 | AF5: 894.9 | AG5: 918.3 | AH5: 941.7 | AI5: 965.1 | AJ5: 988.5 | AK5: 1011.9 | AL5: 1035.3 | AM5: 1058.7 | AN5: 1082.1 | AO5: 1105.5 | AP5: 1128.9 | AQ5: 423.83 | AR5: 433.73 | AS5: 443.63 | AT5: 453.53 | AU5: 463.43 | AV5: 473.33 | AW5: 483.23 | AX5: 493.13 | AY5: 503.03 | AZ5: 512.93 | BA5: 522.83 | BB5: 532.73 | BC5: 542.63 | BD5: 552.53 | BE5: 562.43 | BF5: 572.33 | BG5: 582.23 | BH5: 592.13 | BI5: 602.03 | BJ5: 611.93 | BK5: 18 | BL5: 21.6 | BM5: 24 | BN5: 中国台湾地区 | BO5: 2
A6: 日本 | B6: 3 | C6: 117.6 | D6: 148.8 | E6: 180 | F6: 211.2 | G6: 242.4 | H6: 270.9 | I6: 299.4 | J6: 327.9 | K6: 356.4 | L6: 384.9 | M6: 412.8 | N6: 440.7 | O6: 468.6 | P6: 496.5 | Q6: 524.4 | R6: 552.3 | S6: 580.2 | T6: 608.1 | U6: 636 | V6: 663.9 | W6: 690.3 | X6: 716.7 | Y6: 743.1 | Z6: 769.5 | AA6: 795.9 | AB6: 822.3 | AC6: 848.7 | AD6: 875.1 | AE6: 901.5 | AF6: 927.9 | AG6: 954.3 | AH6: 980.7 | AI6: 1007.1 | AJ6: 1033.5 | AK6: 1059.9 | AL6: 1086.3 | AM6: 1112.7 | AN6: 1139.1 | AO6: 1165.5 | AP6: 1191.9 | AQ6: 486.6 | AR6: 496.44 | AS6: 506.28 | AT6: 516.12 | AU6: 525.96 | AV6: 535.8 | AW6: 545.64 | AX6: 555.48 | AY6: 565.32 | AZ6: 575.16 | BA6: 585 | BB6: 594.84 | BC6: 604.68 | BD6: 614.52 | BE6: 624.36 | BF6: 634.2 | BG6: 644.04 | BH6: 653.88 | BI6: 663.72 | BJ6: 673.56 | BK6: 20.02 | BL6: 23.66 | BM6: 26.13 | BN6: 日本 | BO6: 3
A7: 文莱 | B7: 4 | C7: 139.5 | D7: 170.1 | E7: 200.7 | F7: 231.3 | G7: 262.5 | H7: 292.2 | I7: 321.9 | J7: 351.6 | K7: 381.3 | L7: 411 | M7: 440.4 | N7: 469.8 | O7: 499.2 | P7: 528.6 | Q7: 558 | R7: 587.4 | S7: 616.8 | T7: 646.2 | U7: 675.6 | V7: 705 | W7: 734.1 | X7: 763.2 | Y7: 792.3 | Z7: 821.4 | AA7: 850.5 | AB7: 879.6 | AC7: 908.7 | AD7: 937.8 | AE7: 966.9 | AF7: 996 | AG7: 1025.1 | AH7: 1054.2 | AI7: 1083.3 | AJ7: 1112.4 | AK7: 1141.5 | AL7: 1170.6 | AM7: 1199.7 | AN7: 1228.8 | AO7: 1257.9 | AP7: 1287 | AQ7: 569.01 | AR7: 580.32 | AS7: 591.63 | AT7: 602.94 | AU7: 614.25 | AV7: 625.56 | AW7: 636.87 | AX7: 648.18 | AY7: 659.49 | AZ7: 670.8 | BA7: 682.11 | BB7: 693.42 | BC7: 704.73 | BD7: 716.04 | BE7: 727.35 | BF7: 738.66 | BG7: 749.97 | BH7: 761.28 | BI7: 772.59 | BJ7: 783.9 | BK7: 23.52 | BL7: 27.44 | BM7: 28.21 | BN7: 文莱 | BO7: 4
A8: 印度尼西亚 | B8: 4 | C8: 139.5 | D8: 170.1 | E8: 200.7 | F8: 231.3 | G8: 262.5 | H8: 292.2 | I8: 321.9 | J8: 351.6 | K8: 381.3 | L8: 411 | M8: 440.4 | N8: 469.8 | O8: 499.2 | P8: 528.6 | Q8: 558 | R8: 587.4 | S8: 616.8 | T8: 646.2 | U8: 675.6 | V8: 705 | W8: 734.1 | X8: 763.2 | Y8: 792.3 | Z8: 821.4 | AA8: 850.5 | AB8: 879.6 | AC8: 908.7 | AD8: 937.8 | AE8: 966.9 | AF8: 996 | AG8: 1025.1 | AH8: 1054.2 | AI8: 1083.3 | AJ8: 1112.4 | AK8: 1141.5 | AL8: 1170.6 | AM8: 1199.7 | AN8: 1228.8 | AO8: 1257.9 | AP8: 1287 | AQ8: 569.01 | AR8: 580.32 | AS8: 591.63 | AT8: 602.94 | AU8: 614.25 | AV8: 625.56 | AW8: 636.87 | AX8: 648.18 | AY8: 659.49 | AZ8: 670.8 | BA8: 682.11 | BB8: 693.42 | BC8: 704.73 | BD8: 716.04 | BE8: 727.35 | BF8: 738.66 | BG8: 749.97 | BH8: 761.28 | BI8: 772.59 | BJ8: 783.9 | BK8: 23.52 | BL8: 27.44 | BM8: 28.21 | BN8: 印度尼西亚 | BO8: 4
A9: 柬埔寨 | B9: 4 | C9: 139.5 | D9: 170.1 | E9: 200.7 | F9: 231.3 | G9: 262.5 | H9: 292.2 | I9: 321.9 | J9: 351.6 | K9: 381.3 | L9: 411 | M9: 440.4 | N9: 469.8 | O9: 499.2 | P9: 528.6 | Q9: 558 | R9: 587.4 | S9: 616.8 | T9: 646.2 | U9: 675.6 | V9: 705 | W9: 734.1 | X9: 763.2 | Y9: 792.3 | Z9: 821.4 | AA9: 850.5 | AB9: 879.6 | AC9: 908.7 | AD9: 937.8 | AE9: 966.9 | AF9: 996 | AG9: 1025.1 | AH9: 1054.2 | AI9: 1083.3 | AJ9: 1112.4 | AK9: 1141.5 | AL9: 1170.6 | AM9: 1199.7 | AN9: 1228.8 | AO9: 1257.9 | AP9: 1287 | AQ9: 569.01 | AR9: 580.32 | AS9: 591.63 | AT9: 602.94 | AU9: 614.25 | AV9: 625.56 | AW9: 636.87 | AX9: 648.18 | AY9: 659.49 | AZ9: 670.8 | BA9: 682.11 | BB9: 693.42 | BC9: 704.73 | BD9: 716.04 | BE9: 727.35 | BF9: 738.66 | BG9: 749.97 | BH9: 761.28 | BI9: 772.59 | BJ9: 783.9 | BK9: 23.52 | BL9: 27.44 | BM9: 28.21 | BN9: 柬埔寨 | BO9: 4
A10: 老挝 | B10: 4 | C10: 139.5 | D10: 170.1 | E10: 200.7 | F10: 231.3 | G10: 262.5 | H10: 292.2 | I10: 321.9 | J10: 351.6 | K10: 381.3 | L10: 411 | M10: 440.4 | N10: 469.8 | O10: 499.2 | P10: 528.6 | Q10: 558 | R10: 587.4 | S10: 616.8 | T10: 646.2 | U10: 675.6 | V10: 705 | W10: 734.1 | X10: 763.2 | Y10: 792.3 | Z10: 821.4 | AA10: 850.5 | AB10: 879.6 | AC10: 908.7 | AD10: 937.8 | AE10: 966.9 | AF10: 996 | AG10: 1025.1 | AH10: 1054.2 | AI10: 1083.3 | AJ10: 1112.4 | AK10: 1141.5 | AL10: 1170.6 | AM10: 1199.7 | AN10: 1228.8 | AO10: 1257.9 | AP10: 1287 | AQ10: 569.01 | AR10: 580.32 | AS10: 591.63 | AT10: 602.94 | AU10: 614.25 | AV10: 625.56 | AW10: 636.87 | AX10: 648.18 | AY10: 659.49 | AZ10: 670.8 | BA10: 682.11 | BB10: 693.42 | BC10: 704.73 | BD10: 716.04 | BE10: 727.35 | BF10: 738.66 | BG10: 749.97 | BH10: 761.28 | BI10: 772.59 | BJ10: 783.9 | BK10: 23.52 | BL10: 27.44 | BM10: 28.21 | BN10: 老挝 | BO10: 4
A11: 马来西亚 | B11: 4 | C11: 139.5 | D11: 170.1 | E11: 200.7 | F11: 231.3 | G11: 262.5 | H11: 292.2 | I11: 321.9 | J11: 351.6 | K11: 381.3 | L11: 411 | M11: 440.4 | N11: 469.8 | O11: 499.2 | P11: 528.6 | Q11: 558 | R11: 587.4 | S11: 616.8 | T11: 646.2 | U11: 675.6 | V11: 705 | W11: 734.1 | X11: 763.2 | Y11: 792.3 | Z11: 821.4 | AA11: 850.5 | AB11: 879.6 | AC11: 908.7 | AD11: 937.8 | AE11: 966.9 | AF11: 996 | AG11: 1025.1 | AH11: 1054.2 | AI11: 1083.3 | AJ11: 1112.4 | AK11: 1141.5 | AL11: 1170.6 | AM11: 1199.7 | AN11: 1228.8 | AO11: 1257.9 | AP11: 1287 | AQ11: 569.01 | AR11: 580.32 | AS11: 591.63 | AT11: 602.94 | AU11: 614.25 | AV11: 625.56 | AW11: 636.87 | AX11: 648.18 | AY11: 659.49 | AZ11: 670.8 | BA11: 682.11 | BB11: 693.42 | BC11: 704.73 | BD11: 716.04 | BE11: 727.35 | BF11: 738.66 | BG11: 749.97 | BH11: 761.28 | BI11: 772.59 | BJ11: 783.9 | BK11: 23.52 | BL11: 27.44 | BM11: 28.21 | BN11: 马来西亚 | BO11: 4
A12: 菲律宾 | B12: 4 | C12: 139.5 | D12: 170.1 | E12: 200.7 | F12: 231.3 | G12: 262.5 | H12: 292.2 | I12: 321.9 | J12: 351.6 | K12: 381.3 | L12: 411 | M12: 440.4 | N12: 469.8 | O12: 499.2 | P12: 528.6 | Q12: 558 | R12: 587.4 | S12: 616.8 | T12: 646.2 | U12: 675.6 | V12: 705 | W12: 734.1 | X12: 763.2 | Y12: 792.3 | Z12: 821.4 | AA12: 850.5 | AB12: 879.6 | AC12: 908.7 | AD12: 937.8 | AE12: 966.9 | AF12: 996 | AG12: 1025.1 | AH12: 1054.2 | AI12: 1083.3 | AJ12: 1112.4 | AK12: 1141.5 | AL12: 1170.6 | AM12: 1199.7 | AN12: 1228.8 | AO12: 1257.9 | AP12: 1287 | AQ12: 569.01 | AR12: 580.32 | AS12: 591.63 | AT12: 602.94 | AU12: 614.25 | AV12: 625.56 | AW12: 636.87 | AX12: 648.18 | AY12: 659.49 | AZ12: 670.8 | BA12: 682.11 | BB12: 693.42 | BC12: 704.73 | BD12: 716.04 | BE12: 727.35 | BF12: 738.66 | BG12: 749.97 | BH12: 761.28 | BI12: 772.59 | BJ12: 783.9 | BK12: 23.52 | BL12: 27.44 | BM12: 28.21 | BN12: 菲律宾 | BO12: 4
A13: 新加坡 | B13: 4 | C13: 139.5 | D13: 170.1 | E13: 200.7 | F13: 231.3 | G13: 262.5 | H13: 292.2 | I13: 321.9 | J13: 351.6 | K13: 381.3 | L13: 411 | M13: 440.4 | N13: 469.8 | O13: 499.2 | P13: 528.6 | Q13: 558 | R13: 587.4 | S13: 616.8 | T13: 646.2 | U13: 675.6 | V13: 705 | W13: 734.1 | X13: 763.2 | Y13: 792.3 | Z13: 821.4 | AA13: 850.5 | AB13: 879.6 | AC13: 908.7 | AD13: 937.8 | AE13: 966.9 | AF13: 996 | AG13: 1025.1 | AH13: 1054.2 | AI13: 1083.3 | AJ13: 1112.4 | AK13: 1141.5 | AL13: 1170.6 | AM13: 1199.7 | AN13: 1228.8 | AO13: 1257.9 | AP13: 1287 | AQ13: 569.01 | AR13: 580.32 | AS13: 591.63 | AT13: 602.94 | AU13: 614.25 | AV13: 625.56 | AW13: 636.87 | AX13: 648.18 | AY13: 659.49 | AZ13: 670.8 | BA13: 682.11 | BB13: 693.42 | BC13: 704.73 | BD13: 716.04 | BE13: 727.35 | BF13: 738.66 | BG13: 749.97 | BH13: 761.28 | BI13: 772.59 | BJ13: 783.9 | BK13: 23.52 | BL13: 27.44 | BM13: 28.21 | BN13: 新加坡 | BO13: 4
... A234: 津巴布韦 | B234: 9 | C234: 353.1 | D234: 431.7 | E234: 510.3 | F234: 588.9 | G234: 667.5 | H234: 745.8 | I234: 824.1 | J234: 902.4 | K234: 980.7 | L234: 1059 | M234: 1129.5 | N234: 1200 | O234: 1270.5 | P234: 1341 | Q234: 1411.5 | R234: 1482 | S234: 1552.5 | T234: 1623 | U234: 1693.5 | V234: 1764 | W234: 1828.8 | X234: 1893.6 | Y234: 1958.4 | Z234: 2023.2 | AA234: 2088 | AB234: 2152.8 | AC234: 2217.6 | AD234: 2282.4 | AE234: 2347.2 | AF234: 2412 | AG234: 2476.8 | AH234: 2541.6 | AI234: 2606.4 | AJ234: 2671.2 | AK234: 2736 | AL234: 2800.8 | AM234: 2865.6 | AN234: 2930.4 | AO234: 2995.2 | AP234: 3060 | AQ234: 1459.92 | AR234: 1491.84 | AS234: 1523.76 | AT234: 1555.68 | AU234: 1587.6 | AV234: 1619.52 | AW234: 1651.44 | AX234: 1683.36 | AY234: 1715.28 | AZ234: 1747.2 | BA234: 1779.12 | BB234: 1811.04 | BC234: 1842.96 | BD234: 1874.88 | BE234: 1906.8 | BF234: 1938.72 | BG234: 1970.64 | BH234: 2002.56 | BI234: 2034.48 | BJ234: 2066.4 | BK234: 66.78 | BL234: 76.32 | BM234: 78.9 | BN234: 津巴布韦 | BO234: 9
A235: KG | B235: 1区 | C235: 2区 | D235: 3区 | E235: 4区 | F235: 5区 | G235: 6区 | H235: 7区 | I235: 8区 | J235: 9区
A236: 30.1-70 | B236: 14.7 | C236: 18 | D236: 20.02 | E236: 23.52 | F236: 45.36 | G236: 47.88 | H236: 40.6 | I236: 42.24 | J236: 66.78
A237: 70.1-300 | B237: 16.8 | C237: 21.6 | D237: 23.66 | E237: 27.44 | F237: 47.88 | G237: 50.54 | H237: 43.5 | I237: 49.28 | J237: 76.32
A238: 300.1-999 | B238: 18.08 | C238: 24 | D238: 26.13 | E238: 28.21 | F238: 50.4 | G238: 53.28 | H238: 45.36 | I238: 50.44 | J238: 78.9
B243: 区域 | C243: 重量 | D243: 价格 | E243: 1.2 | F243: 美元 | G243: 欧元 | BO243: 区域
A244: 日本 | B244: =VLOOKUP(A244,A$1:BM$234,2,0) -> 3 | D244: =INDEX(C$2:BM$234,MATCH(A244,A$2:A$234,0),MATCH(C244,C$1:BM$1,0)) -> #N/A | E244: =D244*E$243 -> #N/A | F244: =E244/6.5+13 -> #N/A | G244: =E244/7+13 -> #N/A | BN244: 日本 | BO244: 3
A245: 美国 | B245: =VLOOKUP(A245,A$1:BM$234,2,0) -> 6 | C245: 2 | D245: =INDEX(C$2:BM$234,MATCH(A245,A$2:A$234,0),MATCH(C245,C$1:BM$1,0)) -> 284.4 | E245: =D245*E$243 -> 341.28 | F245: =E245/6.5+13 -> 65.504615 | G245: =E245/7+13 -> 61.754286 | BN245: 美国 | BO245: 6
A246: 加拿大 | B246: =VLOOKUP(A246,A$1:BM$234,2,0) -> 6 | D246: =INDEX(C$2:BM$234,MATCH(A246,A$2:A$234,0),MATCH(C246,C$1:BM$1,0)) -> #N/A | E246: =D246*E$243 -> #N/A | F246: =E246/6.5+13 -> #N/A | G246: =E246/7+13 -> #N/A | BN246: 加拿大 | BO246: 6
A247: 墨西哥 | B247: =VLOOKUP(A247,A$1:BM$234,2,0) -> 6 | D247: =INDEX(C$2:BM$234,MATCH(A247,A$2:A$234,0),MATCH(C247,C$1:BM$1,0)) -> #N/A | E247: =D247*E$243 -> #N/A | F247: =E247/6.5+13 -> #N/A | G247: =E247/7+13 -> #N/A | BN247: 墨西哥 | BO247: 6
A248: 德国 | B248: =VLOOKUP(A248,A$1:BM$234,2,0) -> 7 | C248: 4 | D248: =INDEX(C$2:BM$234,MATCH(A248,A$2:A$234,0),MATCH(C248,C$1:BM$1,0)) -> 526.5 | E248: =D248*E$243 -> 631.8 | F248: =E248/6.5+13 -> 110.2 | G248: =E248/7+13 -> 103.25714 | BN248: 德国 | BO248: 7
A249: 英国 | B249: =VLOOKUP(A249,A$1:BM$234,2,0) -> 7 | C249: 6 | D249: =INDEX(C$2:BM$234,MATCH(A249,A$2:A$234,0),MATCH(C249,C$1:BM$1,0)) -> 719.7 | E249: =D249*E$243 -> 863.64 | F249: =E249/6.5+13 -> 145.86769 | G249: =E249/7+13 -> 136.37714 | BN249: 英国 | BO249: 7
A250: 法国 | B250: =VLOOKUP(A250,A$1:BM$234,2,0) -> 7 | D250: =INDEX(C$2:BM$234,MATCH(A250,A$2:A$234,0),MATCH(C250,C$1:BM$1,0)) -> #N/A | E250: =D250*E$243 -> #N/A | F250: =E250/6.5+13 -> #N/A | G250: =E250/7+13 -> #N/A | BN250: 法国 | BO250: 7
A251: 波兰 | B251: =VLOOKUP(A251,A$1:BM$234,2,0) -> 7 | D251: =INDEX(C$2:BM$234,MATCH(A251,A$2:A$234,0),MATCH(C251,C$1:BM$1,0)) -> #N/A | E251: =D251*E$243 -> #N/A | F251: =E251/6.5+13 -> #N/A | G251: =E251/7+13 -> #N/A | BN251: 波兰 | BO251: 7
A252: 奥地利 | B252: =VLOOKUP(A252,A$1:BM$234,2,0) -> 7 | D252: =INDEX(C$2:BM$234,MATCH(A252,A$2:A$234,0),MATCH(C252,C$1:BM$1,0)) -> #N/A | E252: =D252*E$243 -> #N/A | F252: =E252/6.5+13 -> #N/A | G252: =E252/7+13 -> #N/A | BN252: 奥地利 | BO252: 7
A253: 比利时 | B253: =VLOOKUP(A253,A$1:BM$234,2,0) -> 7 | C253: 2 | D253: =INDEX(C$2:BM$234,MATCH(A253,A$2:A$234,0),MATCH(C253,C$1:BM$1,0)) -> 326.7 | E253: =D253*E$243 -> 392.04 | F253: =E253/6.5+13 -> 73.313846 | G253: =E253/7+13 -> 69.005714 | BN253: 比利时 | BO253: 7
A254: 瑞士 | B254: =VLOOKUP(A254,A$1:BM$234,2,0) -> 7 | D254: =INDEX(C$2:BM$234,MATCH(A254,A$2:A$234,0),MATCH(C254,C$1:BM$1,0)) -> #N/A | E254: =D254*E$243 -> #N/A | F254: =E254/6.5+13 -> #N/A | G254: =E254/7+13 -> #N/A | BN254: 瑞士 | BO254: 7
A255: 西班牙 | B255: =VLOOKUP(A255,A$1:BM$234,2,0) -> 7 | D255: =INDEX(C$2:BM$234,MATCH(A255,A$2:A$234,0),MATCH(C255,C$1:BM$1,0)) -> #N/A | E255: =D255*E$243 -> #N/A | F255: =E255/6.5+13 -> #N/A | G255: =E255/7+13 -> #N/A | BN255: 西班牙 | BO255: 7
A256: 芬兰 | B256: =VLOOKUP(A256,A$1:BM$234,2,0) -> 7 | D256: =INDEX(C$2:BM$234,MATCH(A256,A$2:A$234,0),MATCH(C256,C$1:BM$1,0)) -> #N/A | E256: =D256*E$243 -> #N/A | F256: =E256/6.5+13 -> #N/A | G256: =E256/7+13 -> #N/A | BN256: 芬兰 | BO256: 7
A257: 澳大利亚 | B257: =VLOOKUP(A257,A$1:BM$234,2,0) -> 5 | D257: =INDEX(C$2:BM$234,MATCH(A257,A$2:A$234,0),MATCH(C257,C$1:BM$1,0)) -> #N/A | E257: =D257*E$243 -> #N/A | F257: =E257/6.5+13 -> #N/A | G257: =E257/7+13 -> #N/A | BN257: 澳大利亚 | BO257: 5
A258: 埃及 | B258: =VLOOKUP(A258,A$1:BM$234,2,0) -> 8 | D258: =INDEX(C$2:BM$234,MATCH(A258,A$2:A$234,0),MATCH(C258,C$1:BM$1,0)) -> #N/A | E258: =D258*E$243 -> #N/A | F258: =E258/6.5+13 -> #N/A | G258: =E258/7+13 -> #N/A | BN258: 埃及 | BO258: 8
A259: 意大利 | B259: =VLOOKUP(A259,A$1:BM$234,2,0) -> 7 | D259: =INDEX(C$2:BM$234,MATCH(A259,A$2:A$234,0),MATCH(C259,C$1:BM$1,0)) -> #N/A | E259: =D259*E$243 -> #N/A | F259: =E259/6.5+13 -> #N/A | G259: =E259/7+13 -> #N/A | BN259: 意大利 | BO259: 7
A260: 葡萄牙 | B260: =VLOOKUP(A260,A$1:BM$234,2,0) -> 7 | D260: =INDEX(C$2:BM$234,MATCH(A260,A$2:A$234,0),MATCH(C260,C$1:BM$1,0)) -> #N/A | E260: =D260*E$243 -> #N/A | F260: =E260/6.5+13 -> #N/A | G260: =E260/7+13 -> #N/A | BN260: 葡萄牙 | BO260: 7
A261: 瑞典 | B261: =VLOOKUP(A261,A$1:BM$234,2,0) -> 7 | D261: =INDEX(C$2:BM$234,MATCH(A261,A$2:A$234,0),MATCH(C261,C$1:BM$1,0)) -> #N/A | E261: =D261*E$243 -> #N/A | F261: =E261/6.5+13 -> #N/A | G261: =E261/7+13 -> #N/A | BN261: 瑞典 | BO261: 7
B269: 区域 | C269: 重量 | D269: 价格 | E269: 1.2 | F269: 美元 | G269: 欧元 | BO269: 区域
A270: 日本 | B270: =VLOOKUP(A270,A$1:BM$234,2,0)&"区" -> 3区 | D270: =INDEX(B$236:J$267,MATCH(IF(C270<=70,"30.1-70",IF(C270<=300,"70.1-300","300.1-999")),A$236:A$267,0),MATCH(B270,B$235:J$235,0)) -> 20.02 | E270: =D270*E$269 -> 24.024 | F270: =E270*C270/6.5+15 -> 15 | G270: =E270*C270/7+15 -> 15 | BN270: 日本 | BO270: 3
A271: 美国 | B271: =VLOOKUP(A271,A$1:BM$234,2,0)&"区" -> 6区 | C271: 208 | D271: =INDEX(B$236:J$267,MATCH(IF(C271<=70,"30.1-70",IF(C271<=300,"70.1-300","300.1-999")),A$236:A$267,0),MATCH(B271,B$235:J$235,0)) -> 50.54 | E271: =D271*E$269 -> 60.648 | F271: =E271*C271/6.5+15 -> 1955.736 | G271: =E271*C271/7+15 -> 1817.112 | BN271: 美国 | BO271: 6
A272: 加拿大 | B272: =VLOOKUP(A272,A$1:BM$234,2,0)&"区" -> 6区 | D272: =INDEX(B$236:J$267,MATCH(IF(C272<=70,"30.1-70",IF(C272<=300,"70.1-300","300.1-999")),A$236:A$267,0),MATCH(B272,B$235:J$235,0)) -> 47.88 | E272: =D272*E$269 -> 57.456 | F272: =E272*C272/6.5+15 -> 15 | G272: =E272*C272/7+15 -> 15 | BN272: 加拿大 | BO272: 6
A273: 墨西哥 | B273: =VLOOKUP(A273,A$1:BM$234,2,0)&"区" -> 6区 | D273: =INDEX(B$236:J$267,MATCH(IF(C273<=70,"30.1-70",IF(C273<=300,"70.1-300","300.1-999")),A$236:A$267,0),MATCH(B273,B$235:J$235,0)) -> 47.88 | E273: =D273*E$269 -> 57.456 | F273: =E273*C273/6.5+15 -> 15 | G273: =E273*C273/7+15 -> 15 | BN273: 墨西哥 | BO273: 6
A274: 德国 | B274: =VLOOKUP(A274,A$1:BM$234,2,0)&"区" -> 7区 | C274: 400 | D274: =INDEX(B$236:J$267,MATCH(IF(C274<=70,"30.1-70",IF(C274<=300,"70.1-300","300.1-999")),A$236:A$267,0),MATCH(B274,B$235:J$235,0)) -> 45.36 | E274: =D274*E$269 -> 54.432 | F274: =E274*C274/6.5+15 -> 3364.6615 | G274: =E274*C274/7+15 -> 3125.4 | BN274: 德国 | BO274: 7
A275: 英国 | B275: =VLOOKUP(A275,A$1:BM$234,2,0)&"区" -> 7区 | C275: 230 | D275: =INDEX(B$236:J$267,MATCH(IF(C275<=70,"30.1-70",IF(C275<=300,"70.1-300","300.1-999")),A$236:A$267,0),MATCH(B275,B$235:J$235,0)) -> 43.5 | E275: =D275*E$269 -> 52.2 | F275: =E275*C275/6.5+15 -> 1862.0769 | G275: =E275*C275/7+15 -> 1730.1429 | BN275: 英国 | BO275: 7
A276: 法国 | B276: =VLOOKUP(A276,A$1:BM$234,2,0)&"区" -> 7区 | D276: =INDEX(B$236:J$267,MATCH(IF(C276<=70,"30.1-70",IF(C276<=300,"70.1-300","300.1-999")),A$236:A$267,0),MATCH(B276,B$235:J$235,0)) -> 40.6 | E276: =D276*E$269 -> 48.72 | F276: =E276*C276/6.5+15 -> 15 | G276: =E276*C276/7+15 -> 15 | BN276: 法国 | BO276: 7
A277: 波兰 | B277: =VLOOKUP(A277,A$1:BM$234,2,0)&"区" -> 7区 | D277: =INDEX(B$236:J$267,MATCH(IF(C277<=70,"30.1-70",IF(C277<=300,"70.1-300","300.1-999")),A$236:A$267,0),MATCH(B277,B$235:J$235,0)) -> 40.6 | E277: =D277*E$269 -> 48.72 | F277: =E277*C277/6.5+15 -> 15 | G277: =E277*C277/7+15 -> 15 | BN277: 波兰 | BO277: 7
A278: 奥地利 | B278: =VLOOKUP(A278,A$1:BM$234,2,0)&"区" -> 7区 | D278: =INDEX(B$236:J$267,MATCH(IF(C278<=70,"30.1-70",IF(C278<=300,"70.1-300","300.1-999")),A$236:A$267,0),MATCH(B278,B$235:J$235,0)) -> 40.6 | E278: =D278*E$269 -> 48.72 | F278: =E278*C278/6.5+15 -> 15 | G278: =E278*C278/7+15 -> 15 | BN278: 奥地利 | BO278: 7
A279: 比利时 | B279: =VLOOKUP(A279,A$1:BM$234,2,0)&"区" -> 7区 | D279: =INDEX(B$236:J$267,MATCH(IF(C279<=70,"30.1-70",IF(C279<=300,"70.1-300","300.1-999")),A$236:A$267,0),MATCH(B279,B$235:J$235,0)) -> 40.6 | E279: =D279*E$269 -> 48.72 | F279: =E279*C279/6.5+15 -> 15 | G279: =E279*C279/7+15 -> 15 | BN279: 比利时 | BO279: 7
A280: 瑞士 | B280: =VLOOKUP(A280,A$1:BM$234,2,0)&"区" -> 7区 | D280: =INDEX(B$236:J$267,MATCH(IF(C280<=70,"30.1-70",IF(C280<=300,"70.1-300","300.1-999")),A$236:A$267,0),MATCH(B280,B$235:J$235,0)) -> 40.6 | E280: =D280*E$269 -> 48.72 | F280: =E280*C280/6.5+15 -> 15 | G280: =E280*C280/7+15 -> 15 | BN280: 瑞士 | BO280: 7
A281: 西班牙 | B281: =VLOOKUP(A281,A$1:BM$234,2,0)&"区" -> 7区 | D281: =INDEX(B$236:J$267,MATCH(IF(C281<=70,"30.1-70",IF(C281<=300,"70.1-300","300.1-999")),A$236:A$267,0),MATCH(B281,B$235:J$235,0)) -> 40.6 | E281: =D281*E$269 -> 48.72 | F281: =E281*C281/6.5+15 -> 15 | G281: =E281*C281/7+15 -> 15 | BN281: 西班牙 | BO281: 7
A282: 芬兰 | B282: =VLOOKUP(A282,A$1:BM$234,2,0)&"区" -> 7区 | D282: =INDEX(B$236:J$267,MATCH(IF(C282<=70,"30.1-70",IF(C282<=300,"70.1-300","300.1-999")),A$236:A$267,0),MATCH(B282,B$235:J$235,0)) -> 40.6 | E282: =D282*E$269 -> 48.72 | F282: =E282*C282/6.5+15 -> 15 | G282: =E282*C282/7+15 -> 15 | BN282: 芬兰 | BO282: 7
A283: 澳大利亚 | B283: =VLOOKUP(A283,A$1:BM$234,2,0)&"区" -> 5区 | D283: =INDEX(B$236:J$267,MATCH(IF(C283<=70,"30.1-70",IF(C283<=300,"70.1-300","300.1-999")),A$236:A$267,0),MATCH(B283,B$235:J$235,0)) -> 45.36 | E283: =D283*E$269 -> 54.432 | F283: =E283*C283/6.5+15 -> 15 | G283: =E283*C283/7+15 -> 15 | BN283: 澳大利亚 | BO283: 5
A284: 埃及 | B284: =VLOOKUP(A284,A$1:BM$234,2,0)&"区" -> 8区 | D284: =INDEX(B$236:J$267,MATCH(IF(C284<=70,"30.1-70",IF(C284<=300,"70.1-300","300.1-999")),A$236:A$267,0),MATCH(B284,B$235:J$235,0)) -> 42.24 | E284: =D284*E$269 -> 50.688 | F284: =E284*C284/6.5+15 -> 15 | G284: =E284*C284/7+15 -> 15 | BN284: 埃及 | BO284: 8
A285: 意大利 | B285: =VLOOKUP(A285,A$1:BM$234,2,0)&"区" -> 7区 | D285: =INDEX(B$236:J$267,MATCH(IF(C285<=70,"30.1-70",IF(C285<=300,"70.1-300","300.1-999")),A$236:A$267,0),MATCH(B285,B$235:J$235,0)) -> 40.6 | E285: =D285*E$269 -> 48.72 | F285: =E285*C285/6.5+15 -> 15 | G285: =E285*C285/7+15 -> 15 | BN285: 意大利 | BO285: 7
A286: 葡萄牙 | B286: =VLOOKUP(A286,A$1:BM$234,2,0)&"区" -> 7区 | C286: 313 | D286: =INDEX(B$236:J$267,MATCH(IF(C286<=70,"30.1-70",IF(C286<=300,"70.1-300","300.1-999")),A$236:A$267,0),MATCH(B286,B$235:J$235,0)) -> 45.36 | E286: =D286*E$269 -> 54.432 | F286: =E286*C286/6.5+15 -> 2636.1102 | G286: =E286*C286/7+15 -> 2448.888 | BN286: 葡萄牙 | BO286: 7
A287: 瑞典 | B287: =VLOOKUP(A287,A$1:BM$234,2,0)&"区" -> 7区 | D287: =INDEX(B$236:J$267,MATCH(IF(C287<=70,"30.1-70",IF(C287<=300,"70.1-300","300.1-999")),A$236:A$267,0),MATCH(B287,B$235:J$235,0)) -> 40.6 | E287: =D287*E$269 -> 48.72 | F287: =E287*C287/6.5+15 -> 15 | G287: =E287*C287/7+15 -> 15 | BN287: 瑞典 | BO287: 7

Sheet 区域运费FedEX
A1: 国家地区 | B1: 代码 | C1: 0.5 | D1: 1 | E1: 1.5 | F1: 2 | G1: 2.5 | H1: 3 | J1: 3.5 | K1: 4 | L1: 4.5 | M1: 5 | N1: 5.5 | O1: 6 | P1: 6.5 | Q1: 7 | R1: 7.5 | S1: 8 | T1: 8.5 | U1: 9 | V1: 9.5 | W1: 10 | X1: 10.5 | Y1: 11 | Z1: 11.5 | AA1: 12 | AB1: 12.5 | AC1: 13 | AD1: 13.5 | AE1: 14 | AF1: 14.5 | AG1: 15 | AH1: 15.5 | AI1: 16 | AJ1: 16.5 | AK1: 17 | AL1: 17.5 | AM1: 18 | AN1: 18.5 | AO1: 19 | AP1: 19.5 | AQ1: 20 | AR1: 20.5
A2: 中国香港特别行政区 | B2: V | C2: =广诚FedEx运费!U4 -> 41.03 | D2: =广诚FedEx运费!U5 -> 41.4 | E2: =广诚FedEx运费!U6 -> 48.17 | F2: =广诚FedEx运费!U7 -> 54.94 | G2: =广诚FedEx运费!U8 -> 61.71 | H2: =广诚FedEx运费!U9 -> 62.39 | J2: =广诚FedEx运费!U10 -> 68.01 | K2: =广诚FedEx运费!U11 -> 73.63 | L2: =广诚FedEx运费!U12 -> 79.24 | M2: =广诚FedEx运费!U13 -> 84.86 | N2: =广诚FedEx运费!U14 -> 85.89 | O2: =广诚FedEx运费!U15 -> 90.12 | P2: =广诚FedEx运费!U16 -> 94.35 | Q2: =广诚FedEx运费!U17 -> 98.58 | R2: =广诚FedEx运费!U18 -> 102.81 | S2: =广诚FedEx运费!U19 -> 107.04 | T2: =广诚FedEx运费!U20 -> 111.27 | U2: =广诚FedEx运费!U21 -> 115.5 | V2: =广诚FedEx运费!U22 -> 119.73 | W2: =广诚FedEx运费!U23 -> 123.96 | X2: =广诚FedEx运费!U24 -> 426 | Y2: =广诚FedEx运费!U25 -> 430 | Z2: =广诚FedEx运费!U26 -> 434 | AA2: =广诚FedEx运费!U27 -> 438 | AB2: =广诚FedEx运费!U28 -> 442 | AC2: =广诚FedEx运费!U29 -> 446 | AD2: =广诚FedEx运费!U30 -> 450 | AE2: =广诚FedEx运费!U31 -> 454 | AF2: =广诚FedEx运费!U32 -> 458 | AG2: =广诚FedEx运费!U33 -> 462 | AH2: =广诚FedEx运费!U34 -> 466 | AI2: =广诚FedEx运费!U35 -> 470 | AJ2: =广诚FedEx运费!U36 -> 474 | AK2: =广诚FedEx运费!U37 -> 478 | AL2: =广诚FedEx运费!U38 -> 482 | AM2: =广诚FedEx运费!U39 -> 486 | AN2: =广诚FedEx运费!U40 -> 490 | AO2: =广诚FedEx运费!U41 -> 494 | AP2: =广诚FedEx运费!U42 -> 498 | AQ2: =广诚FedEx运费!U43 -> 502 | AR2: =广诚FedEx运费!U44 -> 506
A3: 中国澳门特别行政区 | B3: A | C3: =广诚FedEx运费!D4 -> 130.5 | D3: =广诚FedEx运费!D5 -> 156 | E3: =广诚FedEx运费!D6 -> 181.5 | F3: =广诚FedEx运费!D7 -> 207 | G3: =广诚FedEx运费!D8 -> 232.5 | H3: =广诚FedEx运费!D9 -> 255.5 | J3: =广诚FedEx运费!D10 -> 278.5 | K3: =广诚FedEx运费!D11 -> 301.5 | L3: =广诚FedEx运费!D12 -> 324.5 | M3: =广诚FedEx运费!D13 -> 347.5 | N3: =广诚FedEx运费!D14 -> 365.5 | O3: =广诚FedEx运费!D15 -> 383.5 | P3: =广诚FedEx运费!D16 -> 401.5 | Q3: =广诚FedEx运费!D17 -> 419.5 | R3: =广诚FedEx运费!D18 -> 437.5 | S3: =广诚FedEx运费!D19 -> 455.5 | T3: =广诚FedEx运费!D20 -> 473.5 | U3: =广诚FedEx运费!D21 -> 491.5 | V3: =广诚FedEx运费!D22 -> 509.5 | W3: =广诚FedEx运费!D23 -> 527.5 | X3: =广诚FedEx运费!D24 -> 532.5 | Y3: =广诚FedEx运费!D25 -> 537.5 | Z3: =广诚FedEx运费!D26 -> 542.5 | AA3: =广诚FedEx运费!D27 -> 547.5 | AB3: =广诚FedEx运费!D28 -> 552.5 | AC3: =广诚FedEx运费!D29 -> 557.5 | AD3: =广诚FedEx运费!D30 -> 562.5 | AE3: =广诚FedEx运费!D31 -> 567.5 | AF3: =广诚FedEx运费!D32 -> 572.5 | AG3: =广诚FedEx运费!D33 -> 577.5 | AH3: =广诚FedEx运费!D34 -> 582.5 | AI3: =广诚FedEx运费!D35 -> 587.5 | AJ3: =广诚FedEx运费!D36 -> 592.5 | AK3: =广诚FedEx运费!D37 -> 597.5 | AL3: =广诚FedEx运费!D38 -> 602.5 | AM3: =广诚FedEx运费!D39 -> 607.5 | AN3: =广诚FedEx运费!D40 -> 612.5 | AO3: =广诚FedEx运费!D41 -> 617.5 | AP3: =广诚FedEx运费!D42 -> 622.5 | AQ3: =广诚FedEx运费!D43 -> 627.5 | AR3: =广诚FedEx运费!D44 -> 632.5
A4: 韩国 | B4: Z | C4: =广诚FedEx运费!X4 -> 68.81 | D4: =广诚FedEx运费!X5 -> 87.09 | E4: =广诚FedEx运费!X6 -> 102.86 | F4: =广诚FedEx运费!X7 -> 118.63 | G4: =广诚FedEx运费!X8 -> 134.41 | H4: =广诚FedEx运费!X9 -> 134.73 | J4: =广诚FedEx运费!X10 -> 149.95 | K4: =广诚FedEx运费!X11 -> 165.16 | L4: =广诚FedEx运费!X12 -> 180.38 | M4: =广诚FedEx运费!X13 -> 195.6 | N4: =广诚FedEx运费!X14 -> 195.85 | O4: =广诚FedEx运费!X15 -> 209.47 | P4: =广诚FedEx运费!X16 -> 223.09 | Q4: =广诚FedEx运费!X17 -> 236.72 | R4: =广诚FedEx运费!X18 -> 250.34 | S4: =广诚FedEx运费!X19 -> 263.96 | T4: =广诚FedEx运费!X20 -> 277.58 | U4: =广诚FedEx运费!X21 -> 291.2 | V4: =广诚FedEx运费!X22 -> 304.83 | W4: =广诚FedEx运费!X23 -> 318.45 | X4: =广诚FedEx运费!X24 -> 318.43 | Y4: =广诚FedEx运费!X25 -> 329.17 | Z4: =广诚FedEx运费!X26 -> 339.91 | AA4: =广诚FedEx运费!X27 -> 350.66 | AB4: =广诚FedEx运费!X28 -> 361.4 | AC4: =广诚FedEx运费!X29 -> 372.15 | AD4: =广诚FedEx运费!X30 -> 382.89 | AE4: =广诚FedEx运费!X31 -> 393.63 | AF4: =广诚FedEx运费!X32 -> 404.38 | AG4: =广诚FedEx运费!X33 -> 415.12 | AH4: =广诚FedEx运费!X34 -> 425.87 | AI4: =广诚FedEx运费!X35 -> 436.61 | AJ4: =广诚FedEx运费!X36 -> 447.35 | AK4: =广诚FedEx运费!X37 -> 458.1 | AL4: =广诚FedEx运费!X38 -> 468.84 | AM4: =广诚FedEx运费!X39 -> 479.59 | AN4: =广诚FedEx运费!X40 -> 490.33 | AO4: =广诚FedEx运费!X41 -> 501.07 | AP4: =广诚FedEx运费!X42 -> 511.82 | AQ4: =广诚FedEx运费!X43 -> 522.56 | AR4: =广诚FedEx运费!X44 -> 533.31
A5: 中国台湾地区 | B5: X | C5: =广诚FedEx运费!V4 -> 69.57 | D5: =广诚FedEx运费!V5 -> 106.39 | E5: =广诚FedEx运费!V6 -> 125.66 | F5: =广诚FedEx运费!V7 -> 144.93 | G5: =广诚FedEx运费!V8 -> 164.2 | H5: =广诚FedEx运费!V9 -> 164.62 | J5: =广诚FedEx运费!V10 -> 183.21 | K5: =广诚FedEx运费!V11 -> 201.81 | L5: =广诚FedEx运费!V12 -> 220.4 | M5: =广诚FedEx运费!V13 -> 239 | N5: =广诚FedEx运费!V14 -> 247.84 | O5: =广诚FedEx运费!V15 -> 265.08 | P5: =广诚FedEx运费!V16 -> 282.32 | Q5: =广诚FedEx运费!V17 -> 299.56 | R5: =广诚FedEx运费!V18 -> 316.8 | S5: =广诚FedEx运费!V19 -> 334.03 | T5: =广诚FedEx运费!V20 -> 351.27 | U5: =广诚FedEx运费!V21 -> 368.51 | V5: =广诚FedEx运费!V22 -> 385.75 | W5: =广诚FedEx运费!V23 -> 402.99 | X5: =广诚FedEx运费!V24 -> 403.07 | Y5: =广诚FedEx运费!V25 -> 416.67 | Z5: =广诚FedEx运费!V26 -> 430.27 | AA5: =广诚FedEx运费!V27 -> 443.87 | AB5: =广诚FedEx运费!V28 -> 457.47 | AC5: =广诚FedEx运费!V29 -> 471.07 | AD5: =广诚FedEx运费!V30 -> 484.67 | AE5: =广诚FedEx运费!V31 -> 498.27 | AF5: =广诚FedEx运费!V32 -> 511.87 | AG5: =广诚FedEx运费!V33 -> 525.47 | AH5: =广诚FedEx运费!V34 -> 539.07 | AI5: =广诚FedEx运费!V35 -> 552.67 | AJ5: =广诚FedEx运费!V36 -> 566.27 | AK5: =广诚FedEx运费!V37 -> 579.87 | AL5: =广诚FedEx运费!V38 -> 593.47 | AM5: =广诚FedEx运费!V39 -> 607.07 | AN5: =广诚FedEx运费!V40 -> 620.67 | AO5: =广诚FedEx运费!V41 -> 634.27 | AP5: =广诚FedEx运费!V42 -> 647.87 | AQ5: =广诚FedEx运费!V43 -> 661.47 | AR5: =广诚FedEx运费!V44 -> 675.07
A6: 日本 | B6: P | C6: =广诚FedEx运费!O4 -> 86.48 | D6: =广诚FedEx运费!O5 -> 121.12 | E6: =广诚FedEx运费!O6 -> 147.25 | F6: =广诚FedEx运费!O7 -> 173.37 | G6: =广诚FedEx运费!O8 -> 199.5 | H6: =广诚FedEx运费!O9 -> 195.3 | J6: =广诚FedEx运费!O10 -> 214.95 | K6: =广诚FedEx运费!O11 -> 234.61 | L6: =广诚FedEx运费!O12 -> 254.27 | M6: =广诚FedEx运费!O13 -> 273.92 | N6: =广诚FedEx运费!O14 -> 274.44 | O6: =广诚FedEx运费!O15 -> 294.08 | P6: =广诚FedEx运费!O16 -> 313.73 | Q6: =广诚FedEx运费!O17 -> 333.37 | R6: =广诚FedEx运费!O18 -> 353.02 | S6: =广诚FedEx运费!O19 -> 372.66 | T6: =广诚FedEx运费!O20 -> 392.31 | U6: =广诚FedEx运费!O21 -> 411.95 | V6: =广诚FedEx运费!O22 -> 431.6 | W6: =广诚FedEx运费!O23 -> 451.24 | X6: =广诚FedEx运费!O24 -> 450.69 | Y6: =广诚FedEx运费!O25 -> 468.24 | Z6: =广诚FedEx运费!O26 -> 485.79 | AA6: =广诚FedEx运费!O27 -> 503.34 | AB6: =广诚FedEx运费!O28 -> 520.89 | AC6: =广诚FedEx运费!O29 -> 538.44 | AD6: =广诚FedEx运费!O30 -> 555.99 | AE6: =广诚FedEx运费!O31 -> 573.54 | AF6: =广诚FedEx运费!O32 -> 591.09 | AG6: =广诚FedEx运费!O33 -> 608.64 | AH6: =广诚FedEx运费!O34 -> 626.19 | AI6: =广诚FedEx运费!O35 -> 643.74 | AJ6: =广诚FedEx运费!O36 -> 661.29 | AK6: =广诚FedEx运费!O37 -> 678.84 | AL6: =广诚FedEx运费!O38 -> 696.39 | AM6: =广诚FedEx运费!O39 -> 713.94 | AN6: =广诚FedEx运费!O40 -> 731.49 | AO6: =广诚FedEx运费!O41 -> 749.04 | AP6: =广诚FedEx运费!O42 -> 766.59 | AQ6: =广诚FedEx运费!O43 -> 784.14 | AR6: =广诚FedEx运费!O44 -> 801.69
A7: 文莱 | B7: E | C7: =广诚FedEx运费!G4 -> 139.17 | D7: =广诚FedEx运费!G5 -> 170.76 | E7: =广诚FedEx运费!G6 -> 211.23 | F7: =广诚FedEx运费!G7 -> 251.7 | G7: =广诚FedEx运费!G8 -> 292.17 | H7: =广诚FedEx运费!G9 -> 295.95 | J7: =广诚FedEx运费!G10 -> 329.78 | K7: =广诚FedEx运费!G11 -> 363.6 | L7: =广诚FedEx运费!G12 -> 397.42 | M7: =广诚FedEx运费!G13 -> 431.25 | N7: =广诚FedEx运费!G14 -> 461.13 | O7: =广诚FedEx运费!G15 -> 495.35 | P7: =广诚FedEx运费!G16 -> 529.58 | Q7: =广诚FedEx运费!G17 -> 563.8 | R7: =广诚FedEx运费!G18 -> 598.02 | S7: =广诚FedEx运费!G19 -> 632.24 | T7: =广诚FedEx运费!G20 -> 666.46 | U7: =广诚FedEx运费!G21 -> 700.69 | V7: =广诚FedEx运费!G22 -> 734.91 | W7: =广诚FedEx运费!G23 -> 769.13 | X7: =广诚FedEx运费!G24 -> 1028.43 | Y7: =广诚FedEx运费!G25 -> 1062.18 | Z7: =广诚FedEx运费!G26 -> 1095.93 | AA7: =广诚FedEx运费!G27 -> 1129.68 | AB7: =广诚FedEx运费!G28 -> 1163.43 | AC7: =广诚FedEx运费!G29 -> 1197.18 | AD7: =广诚FedEx运费!G30 -> 1230.93 | AE7: =广诚FedEx运费!G31 -> 1264.68 | AF7: =广诚FedEx运费!G32 -> 1298.44 | AG7: =广诚FedEx运费!G33 -> 1332.19 | AH7: =广诚FedEx运费!G34 -> 1365.94 | AI7: =广诚FedEx运费!G35 -> 1399.69 | AJ7: =广诚FedEx运费!G36 -> 1433.44 | AK7: =广诚FedEx运费!G37 -> 1467.19 | AL7: =广诚FedEx运费!G38 -> 1500.94 | AM7: =广诚FedEx运费!G39 -> 1534.69 | AN7: =广诚FedEx运费!G40 -> 1568.44 | AO7: =广诚FedEx运费!G41 -> 1602.19 | AP7: =广诚FedEx运费!G42 -> 1635.94 | AQ7: =广诚FedEx运费!G43 -> 1669.69 | AR7: =广诚FedEx运费!G44 -> 1703.44
A8: 印度尼西亚 | B8: T | C8: =广诚FedEx运费!S4 -> 102.6 | D8: =广诚FedEx运费!S5 -> 113.64 | E8: =广诚FedEx运费!S6 -> 134.99 | F8: =广诚FedEx运费!S7 -> 156.34 | G8: =广诚FedEx运费!S8 -> 177.68 | H8: =广诚FedEx运费!S9 -> 177.2 | J8: =广诚FedEx运费!S10 -> 196.2 | K8: =广诚FedEx运费!S11 -> 215.21 | L8: =广诚FedEx运费!S12 -> 234.21 | M8: =广诚FedEx运费!S13 -> 253.22 | N8: =广诚FedEx运费!S14 -> 253.91 | O8: =广诚FedEx运费!S15 -> 271.95 | P8: =广诚FedEx运费!S16 -> 289.99 | Q8: =广诚FedEx运费!S17 -> 308.03 | R8: =广诚FedEx运费!S18 -> 326.07 | S8: =广诚FedEx运费!S19 -> 344.11 | T8: =广诚FedEx运费!S20 -> 362.15 | U8: =广诚FedEx运费!S21 -> 380.19 | V8: =广诚FedEx运费!S22 -> 398.23 | W8: =广诚FedEx运费!S23 -> 416.27 | X8: =广诚FedEx运费!S24 -> 416.19 | Y8: =广诚FedEx运费!S25 -> 430.67 | Z8: =广诚FedEx运费!S26 -> 445.15 | AA8: =广诚FedEx运费!S27 -> 459.63 | AB8: =广诚FedEx运费!S28 -> 474.11 | AC8: =广诚FedEx运费!S29 -> 488.59 | AD8: =广诚FedEx运费!S30 -> 503.07 | AE8: =广诚FedEx运费!S31 -> 517.55 | AF8: =广诚FedEx运费!S32 -> 532.03 | AG8: =广诚FedEx运费!S33 -> 546.51 | AH8: =广诚FedEx运费!S34 -> 560.99 | AI8: =广诚FedEx运费!S35 -> 575.47 | AJ8: =广诚FedEx运费!S36 -> 589.95 | AK8: =广诚FedEx运费!S37 -> 604.43 | AL8: =广诚FedEx运费!S38 -> 618.91 | AM8: =广诚FedEx运费!S39 -> 633.39 | AN8: =广诚FedEx运费!S40 -> 647.87 | AO8: =广诚FedEx运费!S41 -> 662.35 | AP8: =广诚FedEx运费!S42 -> 676.83 | AQ8: =广诚FedEx运费!S43 -> 691.31 | AR8: =广诚FedEx运费!S44 -> 705.79
A9: 柬埔寨
A10: 老挝
A11: 马来西亚 | B11: Q | C11: =广诚FedEx运费!P4 -> 60.35 | D11: =广诚FedEx运费!P5 -> 76.92 | E11: =广诚FedEx运费!P6 -> 90.85 | F11: =广诚FedEx运费!P7 -> 104.78 | G11: =广诚FedEx运费!P8 -> 118.71 | H11: =广诚FedEx运费!P9 -> 119.02 | J11: =广诚FedEx运费!P10 -> 132.46 | K11: =广诚FedEx运费!P11 -> 145.9 | L11: =广诚FedEx运费!P12 -> 159.35 | M11: =广诚FedEx运费!P13 -> 172.79 | N11: =广诚FedEx运费!P14 -> 173.03 | O11: =广诚FedEx运费!P15 -> 185.06 | P11: =广诚FedEx运费!P16 -> 197.09 | Q11: =广诚FedEx运费!P17 -> 209.13 | R11: =广诚FedEx运费!P18 -> 221.16 | S11: =广诚FedEx运费!P19 -> 233.2 | T11: =广诚FedEx运费!P20 -> 245.23 | U11: =广诚FedEx运费!P21 -> 257.27 | V11: =广诚FedEx运费!P22 -> 269.3 | W11: =广诚FedEx运费!P23 -> 281.33 | X11: =广诚FedEx运费!P24 -> 281.44 | Y11: =广诚FedEx运费!P25 -> 290.93 | Z11: =广诚FedEx运费!P26 -> 300.43 | AA11: =广诚FedEx运费!P27 -> 309.93 | AB11: =广诚FedEx运费!P28 -> 319.42 | AC11: =广诚FedEx运费!P29 -> 328.92 | AD11: =广诚FedEx运费!P30 -> 338.41 | AE11: =广诚FedEx运费!P31 -> 347.91 | AF11: =广诚FedEx运费!P32 -> 357.41 | AG11: =广诚FedEx运费!P33 -> 366.9 | AH11: =广诚FedEx运费!P34 -> 376.4 | AI11: =广诚FedEx运费!P35 -> 385.89 | AJ11: =广诚FedEx运费!P36 -> 395.39 | AK11: =广诚FedEx运费!P37 -> 404.89 | AL11: =广诚FedEx运费!P38 -> 414.38 | AM11: =广诚FedEx运费!P39 -> 423.88 | AN11: =广诚FedEx运费!P40 -> 433.37 | AO11: =广诚FedEx运费!P41 -> 442.87 | AP11: =广诚FedEx运费!P42 -> 452.37 | AQ11: =广诚FedEx运费!P43 -> 461.86 | AR11: =广诚FedEx运费!P44 -> 471.36
A12: 菲律宾 | B12: S | C12: =广诚FedEx运费!R4 -> 79.04 | D12: =广诚FedEx运费!R5 -> 89.22 | E12: =广诚FedEx运费!R6 -> 105.97 | F12: =广诚FedEx运费!R7 -> 122.73 | G12: =广诚FedEx运费!R8 -> 139.49 | H12: =广诚FedEx运费!R9 -> 139.12 | J12: =广诚FedEx运费!R10 -> 154.04 | K12: =广诚FedEx运费!R11 -> 168.96 | L12: =广诚FedEx运费!R12 -> 183.88 | M12: =广诚FedEx运费!R13 -> 198.8 | N12: =广诚FedEx运费!R14 -> 199.39 | O12: =广诚FedEx运费!R15 -> 213.56 | P12: =广诚FedEx运费!R16 -> 227.73 | Q12: =广诚FedEx运费!R17 -> 241.89 | R12: =广诚FedEx运费!R18 -> 256.06 | S12: =广诚FedEx运费!R19 -> 270.23 | T12: =广诚FedEx运费!R20 -> 284.4 | U12: =广诚FedEx运费!R21 -> 298.56 | V12: =广诚FedEx运费!R22 -> 312.73 | W12: =广诚FedEx运费!R23 -> 326.9 | X12: =广诚FedEx运费!R24 -> 326.91 | Y12: =广诚FedEx运费!R25 -> 338.29 | Z12: =广诚FedEx运费!R26 -> 349.66 | AA12: =广诚FedEx运费!R27 -> 361.03 | AB12: =广诚FedEx运费!R28 -> 372.41 | AC12: =广诚FedEx运费!R29 -> 383.78 | AD12: =广诚FedEx运费!R30 -> 395.16 | AE12: =广诚FedEx运费!R31 -> 406.53 | AF12: =广诚FedEx运费!R32 -> 417.91 | AG12: =广诚FedEx运费!R33 -> 429.28 | AH12: =广诚FedEx运费!R34 -> 440.65 | AI12: =广诚FedEx运费!R35 -> 452.03 | AJ12: =广诚FedEx运费!R36 -> 463.4 | AK12: =广诚FedEx运费!R37 -> 474.78 | AL12: =广诚FedEx运费!R38 -> 486.15 | AM12: =广诚FedEx运费!R39 -> 497.53 | AN12: =广诚FedEx运费!R40 -> 508.9 | AO12: =广诚FedEx运费!R41 -> 520.27 | AP12: =广诚FedEx运费!R42 -> 531.65 | AQ12: =广诚FedEx运费!R43 -> 543.02 | AR12: =广诚FedEx运费!R44 -> 554.4
A13: 新加坡 | B13: Y | C13: =广诚FedEx运费!W4 -> 76.97 | D13: =广诚FedEx运费!W5 -> 93.42 | E13: =广诚FedEx运费!W6 -> 110.34 | F13: =广诚FedEx运费!W7 -> 127.26 | G13: =广诚FedEx运费!W8 -> 144.18 | H13: =广诚FedEx运费!W9 -> 148.99 | J13: =广诚FedEx运费!W10 -> 165.82 | K13: =广诚FedEx运费!W11 -> 182.65 | L13: =广诚FedEx运费!W12 -> 199.48 | M13: =广诚FedEx运费!W13 -> 216.31 | N13: =广诚FedEx运费!W14 -> 216.56 | O13: =广诚FedEx运费!W15 -> 231.63 | P13: =广诚FedEx运费!W16 -> 246.69 | Q13: =广诚FedEx运费!W17 -> 261.75 | R13: =广诚FedEx运费!W18 -> 276.81 | S13: =广诚FedEx运费!W19 -> 291.88 | T13: =广诚FedEx运费!W20 -> 306.94 | U13: =广诚FedEx运费!W21 -> 322 | V13: =广诚FedEx运费!W22 -> 337.06 | W13: =广诚FedEx运费!W23 -> 352.13 | X13: =广诚FedEx运费!W24 -> 352.09 | Y13: =广诚FedEx运费!W25 -> 363.97 | Z13: =广诚FedEx运费!W26 -> 375.85 | AA13: =广诚FedEx运费!W27 -> 387.73 | AB13: =广诚FedEx运费!W28 -> 399.61 | AC13: =广诚FedEx运费!W29 -> 411.49 | AD13: =广诚FedEx运费!W30 -> 423.37 | AE13: =广诚FedEx运费!W31 -> 435.25 | AF13: =广诚FedEx运费!W32 -> 447.13 | AG13: =广诚FedEx运费!W33 -> 459.01 | AH13: =广诚FedEx运费!W34 -> 470.89 | AI13: =广诚FedEx运费!W35 -> 482.77 | AJ13: =广诚FedEx运费!W36 -> 494.65 | AK13: =广诚FedEx运费!W37 -> 506.53 | AL13: =广诚FedEx运费!W38 -> 518.41 | AM13: =广诚FedEx运费!W39 -> 530.29 | AN13: =广诚FedEx运费!W40 -> 542.17 | AO13: =广诚FedEx运费!W41 -> 554.05 | AP13: =广诚FedEx运费!W42 -> 565.93 | AQ13: =广诚FedEx运费!W43 -> 577.81 | AR13: =广诚FedEx运费!W44 -> 589.69
A14: 泰国 | B14: R | C14: =广诚FedEx运费!Q4 -> 71.1 | D14: =广诚FedEx运费!Q5 -> 96.17 | E14: =广诚FedEx运费!Q6 -> 113.59 | F14: =广诚FedEx运费!Q7 -> 131.01 | G14: =广诚FedEx运费!Q8 -> 148.43 | H14: =广诚FedEx运费!Q9 -> 148.81 | J14: =广诚FedEx运费!Q10 -> 165.62 | K14: =广诚FedEx运费!Q11 -> 182.43 | L14: =广诚FedEx运费!Q12 -> 199.24 | M14: =广诚FedEx运费!Q13 -> 216.05 | N14: =广诚FedEx运费!Q14 -> 216.28 | O14: =广诚FedEx运费!Q15 -> 231.32 | P14: =广诚FedEx运费!Q16 -> 246.37 | Q14: =广诚FedEx运费!Q17 -> 261.41 | R14: =广诚FedEx运费!Q18 -> 276.45 | S14: =广诚FedEx运费!Q19 -> 291.5 | T14: =广诚FedEx运费!Q20 -> 306.54 | U14: =广诚FedEx运费!Q21 -> 321.58 | V14: =广诚FedEx运费!Q22 -> 336.63 | W14: =广诚FedEx运费!Q23 -> 351.67 | X14: =广诚FedEx运费!Q24 -> 351.62 | Y14: =广诚FedEx运费!Q25 -> 363.48 | Z14: =广诚FedEx运费!Q26 -> 375.35 | AA14: =广诚FedEx运费!Q27 -> 387.21 | AB14: =广诚FedEx运费!Q28 -> 399.08 | AC14: =广诚FedEx运费!Q29 -> 410.94 | AD14: =广诚FedEx运费!Q30 -> 422.8 | AE14: =广诚FedEx运费!Q31 -> 434.67 | AF14: =广诚FedEx运费!Q32 -> 446.53 | AG14: =广诚FedEx运费!Q33 -> 458.4 | AH14: =广诚FedEx运费!Q34 -> 470.26 | AI14: =广诚FedEx运费!Q35 -> 482.12 | AJ14: =广诚FedEx运费!Q36 -> 493.99 | AK14: =广诚FedEx运费!Q37 -> 505.85 | AL14: =广诚FedEx运费!Q38 -> 517.72 | AM14: =广诚FedEx运费!Q39 -> 529.58 | AN14: =广诚FedEx运费!Q40 -> 541.44 | AO14: =广诚FedEx运费!Q41 -> 553.31 | AP14: =广诚FedEx运费!Q42 -> 565.17 | AQ14: =广诚FedEx运费!Q43 -> 577.04 | AR14: =广诚FedEx运费!Q44 -> 588.9
A15: 越南 | B15: B | C15: =广诚FedEx运费!E4 -> 96.26 | D15: =广诚FedEx运费!E5 -> 101.31 | E15: =广诚FedEx运费!E6 -> 119.66 | F15: =广诚FedEx运费!E7 -> 138.01 | G15: =广诚FedEx运费!E8 -> 156.36 | H15: =广诚FedEx运费!E9 -> 156.76 | J15: =广诚FedEx运费!E10 -> 174.47 | K15: =广诚FedEx运费!E11 -> 192.18 | L15: =广诚FedEx运费!E12 -> 209.88 | M15: =广诚FedEx运费!E13 -> 227.59 | N15: =广诚FedEx运费!E14 -> 227.84 | O15: =广诚FedEx运费!E15 -> 243.68 | P15: =广诚FedEx运费!E16 -> 259.53 | Q15: =广诚FedEx运费!E17 -> 275.38 | R15: =广诚FedEx运费!E18 -> 291.22 | S15: =广诚FedEx运费!E19 -> 307.07 | T15: =广诚FedEx运费!E20 -> 322.91 | U15: =广诚FedEx运费!E21 -> 338.76 | V15: =广诚FedEx运费!E22 -> 354.61 | W15: =广诚FedEx运费!E23 -> 370.45 | X15: =广诚FedEx运费!E24 -> 360.87 | Y15: =广诚FedEx运费!E25 -> 373.04 | Z15: =广诚FedEx运费!E26 -> 385.22 | AA15: =广诚FedEx运费!E27 -> 397.39 | AB15: =广诚FedEx运费!E28 -> 409.57 | AC15: =广诚FedEx运费!E29 -> 421.75 | AD15: =广诚FedEx运费!E30 -> 433.92 | AE15: =广诚FedEx运费!E31 -> 446.1 | AF15: =广诚FedEx运费!E32 -> 458.27 | AG15: =广诚FedEx运费!E33 -> 470.45 | AH15: =广诚FedEx运费!E34 -> 482.63 | AI15: =广诚FedEx运费!E35 -> 494.8 | AJ15: =广诚FedEx运费!E36 -> 506.98 | AK15: =广诚FedEx运费!E37 -> 519.15 | AL15: =广诚FedEx运费!E38 -> 531.33 | AM15: =广诚FedEx运费!E39 -> 543.51 | AN15: =广诚FedEx运费!E40 -> 555.68 | AO15: =广诚FedEx运费!E41 -> 567.86 | AP15: =广诚FedEx运费!E42 -> 580.03 | AQ15: =广诚FedEx运费!E43 -> 592.21 | AR15: =广诚FedEx运费!E44 -> 604.39
A16: 澳大利亚 | B16: U | C16: =广诚FedEx运费!T4 -> 155.71 | D16: =广诚FedEx运费!T5 -> 162.07 | E16: =广诚FedEx运费!T6 -> 200.48 | F16: =广诚FedEx运费!T7 -> 238.89 | G16: =广诚FedEx运费!T8 -> 277.31 | H16: =广诚FedEx运费!T9 -> 291.31 | J16: =广诚FedEx运费!T10 -> 324.6 | K16: =广诚FedEx运费!T11 -> 357.9 | L16: =广诚FedEx运费!T12 -> 391.19 | M16: =广诚FedEx运费!T13 -> 424.48 | N16: =广诚FedEx运费!T14 -> 458.51 | O16: =广诚FedEx运费!T15 -> 492.54 | P16: =广诚FedEx运费!T16 -> 526.56 | Q16: =广诚FedEx运费!T17 -> 560.59 | R16: =广诚FedEx运费!T18 -> 594.62 | S16: =广诚FedEx运费!T19 -> 628.65 | T16: =广诚FedEx运费!T20 -> 662.67 | U16: =广诚FedEx运费!T21 -> 696.7 | V16: =广诚FedEx运费!T22 -> 730.73 | W16: =广诚FedEx运费!T23 -> 764.76 | X16: =广诚FedEx运费!T24 -> 790.7 | Y16: =广诚FedEx运费!T25 -> 816.65 | Z16: =广诚FedEx运费!T26 -> 842.6 | AA16: =广诚FedEx运费!T27 -> 868.55 | AB16: =广诚FedEx运费!T28 -> 894.5 | AC16: =广诚FedEx运费!T29 -> 920.45 | AD16: =广诚FedEx运费!T30 -> 946.4 | AE16: =广诚FedEx运费!T31 -> 972.35 | AF16: =广诚FedEx运费!T32 -> 998.29 | AG16: =广诚FedEx运费!T33 -> 1024.24 | AH16: =广诚FedEx运费!T34 -> 1050.19 | AI16: =广诚FedEx运费!T35 -> 1076.14 | AJ16: =广诚FedEx运费!T36 -> 1102.09 | AK16: =广诚FedEx运费!T37 -> 1128.04 | AL16: =广诚FedEx运费!T38 -> 1153.99 | AM16: =广诚FedEx运费!T39 -> 1179.94 | AN16: =广诚FedEx运费!T40 -> 1205.88 | AO16: =广诚FedEx运费!T41 -> 1231.83 | AP16: =广诚FedEx运费!T42 -> 1257.78 | AQ16: =广诚FedEx运费!T43 -> 1283.73 | AR16: =广诚FedEx运费!T44 -> 1309.68
A17: 新西兰 | B17: U | C17: =广诚FedEx运费!T4 -> 155.71 | D17: =广诚FedEx运费!T5 -> 162.07 | E17: =广诚FedEx运费!T6 -> 200.48 | F17: =广诚FedEx运费!T7 -> 238.89 | G17: =广诚FedEx运费!T8 -> 277.31 | H17: =广诚FedEx运费!T9 -> 291.31 | J17: =广诚FedEx运费!T10 -> 324.6 | K17: =广诚FedEx运费!T11 -> 357.9 | L17: =广诚FedEx运费!T12 -> 391.19 | M17: =广诚FedEx运费!T13 -> 424.48 | N17: =广诚FedEx运费!T14 -> 458.51 | O17: =广诚FedEx运费!T15 -> 492.54 | P17: =广诚FedEx运费!T16 -> 526.56 | Q17: =广诚FedEx运费!T17 -> 560.59 | R17: =广诚FedEx运费!T18 -> 594.62 | S17: =广诚FedEx运费!T19 -> 628.65 | T17: =广诚FedEx运费!T20 -> 662.67 | U17: =广诚FedEx运费!T21 -> 696.7 | V17: =广诚FedEx运费!T22 -> 730.73 | W17: =广诚FedEx运费!T23 -> 764.76 | X17: =广诚FedEx运费!T24 -> 790.7 | Y17: =广诚FedEx运费!T25 -> 816.65 | Z17: =广诚FedEx运费!T26 -> 842.6 | AA17: =广诚FedEx运费!T27 -> 868.55 | AB17: =广诚FedEx运费!T28 -> 894.5 | AC17: =广诚FedEx运费!T29 -> 920.45 | AD17: =广诚FedEx运费!T30 -> 946.4 | AE17: =广诚FedEx运费!T31 -> 972.35 | AF17: =广诚FedEx运费!T32 -> 998.29 | AG17: =广诚FedEx运费!T33 -> 1024.24 | AH17: =广诚FedEx运费!T34 -> 1050.19 | AI17: =广诚FedEx运费!T35 -> 1076.14 | AJ17: =广诚FedEx运费!T36 -> 1102.09 | AK17: =广诚FedEx运费!T37 -> 1128.04 | AL17: =广诚FedEx运费!T38 -> 1153.99 | AM17: =广诚FedEx运费!T39 -> 1179.94 | AN17: =广诚FedEx运费!T40 -> 1205.88 | AO17: =广诚FedEx运费!T41 -> 1231.83 | AP17: =广诚FedEx运费!T42 -> 1257.78 | AQ17: =广诚FedEx运费!T43 -> 1283.73 | AR17: =广诚FedEx运费!T44 -> 1309.68
